{"stats":{"minecraft:custom":{"minecraft:interact_with_furnace":4,"minecraft:mob_kills":23,"minecraft:interact_with_crafting_table":12,"minecraft:time_since_death":70296,"minecraft:sleep_in_bed":1,"minecraft:climb_one_cm":4151,"minecraft:time_since_rest":38890,"minecraft:sprint_one_cm":100089,"minecraft:damage_taken":833,"minecraft:walk_one_cm":138730,"minecraft:damage_dealt":2666,"minecraft:swim_one_cm":2380,"minecraft:fly_one_cm":267155,"minecraft:open_chest":6,"minecraft:crouch_one_cm":1842,"minecraft:play_time":70296,"minecraft:sneak_time":1198,"minecraft:walk_under_water_one_cm":12426,"minecraft:jump":1268,"minecraft:walk_on_water_one_cm":10606,"minecraft:total_world_time":70296,"minecraft:fall_one_cm":24462,"minecraft:horse_one_cm":4687},"minecraft:picked_up":{"minecraft:birch_log":65,"minecraft:crafting_table":1,"minecraft:andesite":17,"minecraft:leather":1,"minecraft:birch_planks":3,"minecraft:dirt":10,"minecraft:stripped_birch_log":1,"minecraft:bone":4,"minecraft:wheat_seeds":4,"minecraft:cobbled_deepslate":28,"minecraft:beef":5,"minecraft:egg":1,"minecraft:stick":5,"minecraft:raw_iron":13,"minecraft:pumpkin":12,"minecraft:torch":3,"minecraft:porkchop":26,"minecraft:diorite":4,"minecraft:carrot":1,"minecraft:rotten_flesh":3,"minecraft:granite":11,"minecraft:mutton":6,"minecraft:coal":46,"minecraft:white_wool":3,"minecraft:cobblestone":66},"minecraft:mined":{"minecraft:infested_deepslate":2,"minecraft:stripped_birch_log":1,"minecraft:dandelion":1,"minecraft:crafting_table":1,"minecraft:torch":1,"minecraft:granite":11,"minecraft:short_grass":19,"minecraft:grass_block":5,"minecraft:diorite":4,"minecraft:wall_torch":1,"minecraft:birch_planks":3,"minecraft:birch_log":65,"minecraft:iron_ore":11,"minecraft:andesite":17,"minecraft:birch_leaves":4,"minecraft:pumpkin":12,"minecraft:coal_ore":40,"minecraft:deepslate_iron_ore":2,"minecraft:dirt":6,"minecraft:stone":66,"minecraft:deepslate":28,"minecraft:oak_leaves":1},"minecraft:killed":{"minecraft:pig":13,"minecraft:frog":1,"minecraft:sheep":2,"minecraft:zombie":2,"minecraft:silverfish":2,"minecraft:cow":2},"minecraft:crafted":{"minecraft:cooked_beef":5,"minecraft:wooden_sword":1,"minecraft:wooden_shovel":1,"minecraft:cooked_porkchop":26,"minecraft:crafting_table":1,"minecraft:wooden_pickaxe":1,"minecraft:iron_helmet":1,"minecraft:iron_sword":1,"minecraft:furnace":1,"minecraft:birch_planks":264,"minecraft:cooked_mutton":6,"minecraft:iron_chestplate":1,"minecraft:iron_boots":1,"minecraft:iron_axe":1,"minecraft:stick":28,"minecraft:iron_ingot":13,"minecraft:iron_pickaxe":2,"minecraft:wooden_axe":1,"minecraft:chest":5,"minecraft:iron_leggings":1,"minecraft:white_bed":1,"minecraft:birch_door":3,"minecraft:torch":24},"minecraft:broken":{"minecraft:wooden_axe":1},"minecraft:used":{"minecraft:cooked_mutton":6,"minecraft:birch_planks":109,"minecraft:chest":5,"minecraft:iron_sword":57,"minecraft:torch":9,"minecraft:crafting_table":2,"minecraft:white_bed":1,"minecraft:birch_door":2,"minecraft:wooden_axe":59,"minecraft:iron_axe":13,"minecraft:iron_pickaxe":183,"minecraft:cobblestone":7,"minecraft:furnace":1,"minecraft:cooked_porkchop":5,"minecraft:cooked_beef":3}},"DataVersion":3955}