{"stats":{"minecraft:custom":{"minecraft:time_since_rest":10296,"minecraft:interact_with_furnace":1,"minecraft:play_time":10296,"minecraft:sprint_one_cm":11843,"minecraft:damage_taken":40,"minecraft:walk_one_cm":24356,"minecraft:walk_under_water_one_cm":377,"minecraft:mob_kills":6,"minecraft:jump":191,"minecraft:damage_dealt":539,"minecraft:time_since_death":10296,"minecraft:walk_on_water_one_cm":1710,"minecraft:total_world_time":10296,"minecraft:climb_one_cm":471,"minecraft:fall_one_cm":3661,"minecraft:fly_one_cm":37278,"minecraft:horse_one_cm":4687},"minecraft:mined":{"minecraft:short_grass":15,"minecraft:grass_block":2,"minecraft:dirt":4,"minecraft:birch_log":2},"minecraft:picked_up":{"minecraft:birch_log":2,"minecraft:wheat_seeds":3,"minecraft:beef":3,"minecraft:porkchop":4,"minecraft:mutton":6,"minecraft:dirt":5,"minecraft:white_wool":3,"minecraft:egg":1},"minecraft:killed":{"minecraft:sheep":2,"minecraft:pig":2,"minecraft:cow":1},"minecraft:crafted":{"minecraft:cooked_beef":3,"minecraft:cooked_porkchop":4,"minecraft:cooked_mutton":6},"minecraft:used":{"minecraft:cooked_porkchop":1}},"DataVersion":3955}