{"stats":{"minecraft:custom":{"minecraft:time_since_rest":22296,"minecraft:interact_with_furnace":1,"minecraft:sprint_one_cm":30606,"minecraft:damage_taken":325,"minecraft:walk_one_cm":64126,"minecraft:mob_kills":6,"minecraft:damage_dealt":594,"minecraft:interact_with_crafting_table":4,"minecraft:fly_one_cm":86108,"minecraft:crouch_one_cm":267,"minecraft:play_time":22296,"minecraft:sneak_time":69,"minecraft:walk_under_water_one_cm":377,"minecraft:jump":395,"minecraft:walk_on_water_one_cm":1710,"minecraft:time_since_death":22296,"minecraft:climb_one_cm":1210,"minecraft:total_world_time":22296,"minecraft:fall_one_cm":6490,"minecraft:horse_one_cm":4687},"minecraft:mined":{"minecraft:birch_planks":3,"minecraft:birch_log":43,"minecraft:stripped_birch_log":1,"minecraft:birch_leaves":3,"minecraft:short_grass":15,"minecraft:grass_block":2,"minecraft:dirt":4},"minecraft:picked_up":{"minecraft:birch_log":43,"minecraft:stick":2,"minecraft:birch_planks":3,"minecraft:porkchop":4,"minecraft:stripped_birch_log":1,"minecraft:dirt":5,"minecraft:rotten_flesh":3,"minecraft:wheat_seeds":3,"minecraft:beef":3,"minecraft:mutton":6,"minecraft:white_wool":3,"minecraft:egg":1},"minecraft:killed":{"minecraft:sheep":2,"minecraft:pig":2,"minecraft:cow":1},"minecraft:crafted":{"minecraft:cooked_beef":3,"minecraft:wooden_sword":1,"minecraft:cooked_porkchop":4,"minecraft:crafting_table":1,"minecraft:stick":4,"minecraft:wooden_pickaxe":1,"minecraft:wooden_axe":1,"minecraft:birch_door":3,"minecraft:birch_planks":132,"minecraft:cooked_mutton":6},"minecraft:used":{"minecraft:wooden_axe":36,"minecraft:cooked_mutton":1,"minecraft:birch_planks":109,"minecraft:crafting_table":1,"minecraft:cooked_porkchop":3,"minecraft:birch_door":1}},"DataVersion":3955}