{"stats":{"minecraft:custom":{"minecraft:interact_with_furnace":4,"minecraft:mob_kills":24,"minecraft:interact_with_crafting_table":13,"minecraft:time_since_death":82296,"minecraft:sleep_in_bed":2,"minecraft:climb_one_cm":5121,"minecraft:time_since_rest":9645,"minecraft:sprint_one_cm":118748,"minecraft:damage_taken":943,"minecraft:walk_one_cm":159872,"minecraft:damage_dealt":2826,"minecraft:swim_one_cm":2797,"minecraft:fly_one_cm":357522,"minecraft:open_chest":8,"minecraft:crouch_one_cm":2857,"minecraft:play_time":82296,"minecraft:sneak_time":1536,"minecraft:walk_under_water_one_cm":13284,"minecraft:jump":1619,"minecraft:walk_on_water_one_cm":11743,"minecraft:total_world_time":82296,"minecraft:fall_one_cm":32785,"minecraft:horse_one_cm":4687},"minecraft:picked_up":{"minecraft:birch_log":65,"minecraft:crafting_table":1,"minecraft:andesite":17,"minecraft:leather":1,"minecraft:birch_planks":3,"minecraft:oak_log":5,"minecraft:dirt":10,"minecraft:stripped_birch_log":1,"minecraft:bone":4,"minecraft:wheat_seeds":4,"minecraft:cobbled_deepslate":28,"minecraft:beef":5,"minecraft:egg":13,"minecraft:stick":5,"minecraft:raw_iron":13,"minecraft:pumpkin":12,"minecraft:torch":3,"minecraft:porkchop":26,"minecraft:diorite":4,"minecraft:carrot":1,"minecraft:rotten_flesh":3,"minecraft:granite":11,"minecraft:mutton":6,"minecraft:coal":64,"minecraft:white_wool":3,"minecraft:cobblestone":158},"minecraft:mined":{"minecraft:infested_deepslate":2,"minecraft:stripped_birch_log":1,"minecraft:dandelion":1,"minecraft:crafting_table":1,"minecraft:torch":1,"minecraft:granite":11,"minecraft:short_grass":21,"minecraft:grass_block":5,"minecraft:diorite":4,"minecraft:wall_torch":1,"minecraft:birch_planks":3,"minecraft:birch_log":65,"minecraft:iron_ore":11,"minecraft:andesite":17,"minecraft:birch_leaves":4,"minecraft:pumpkin":12,"minecraft:oak_log":5,"minecraft:coal_ore":58,"minecraft:deepslate_iron_ore":2,"minecraft:dirt":6,"minecraft:stone":158,"minecraft:deepslate":28,"minecraft:oak_leaves":5},"minecraft:killed":{"minecraft:pig":13,"minecraft:spider":1,"minecraft:frog":1,"minecraft:sheep":2,"minecraft:zombie":2,"minecraft:silverfish":2,"minecraft:cow":2},"minecraft:crafted":{"minecraft:cooked_beef":5,"minecraft:wooden_sword":1,"minecraft:wooden_shovel":1,"minecraft:cooked_porkchop":26,"minecraft:crafting_table":1,"minecraft:wooden_pickaxe":1,"minecraft:iron_helmet":1,"minecraft:iron_sword":1,"minecraft:furnace":1,"minecraft:birch_planks":264,"minecraft:cooked_mutton":6,"minecraft:bow":1,"minecraft:iron_chestplate":1,"minecraft:iron_boots":1,"minecraft:iron_axe":1,"minecraft:stick":28,"minecraft:iron_ingot":13,"minecraft:iron_pickaxe":2,"minecraft:wooden_axe":1,"minecraft:chest":5,"minecraft:iron_leggings":1,"minecraft:white_bed":1,"minecraft:birch_door":3,"minecraft:torch":24},"minecraft:broken":{"minecraft:iron_pickaxe":1,"minecraft:wooden_axe":1},"minecraft:used":{"minecraft:cooked_mutton":6,"minecraft:birch_planks":109,"minecraft:chest":5,"minecraft:iron_sword":62,"minecraft:torch":9,"minecraft:crafting_table":2,"minecraft:white_bed":1,"minecraft:birch_door":2,"minecraft:wooden_axe":59,"minecraft:iron_axe":18,"minecraft:iron_pickaxe":293,"minecraft:cobblestone":21,"minecraft:furnace":1,"minecraft:cooked_porkchop":6,"minecraft:cooked_beef":3}},"DataVersion":3955}