{"stats":{"minecraft:custom":{"minecraft:interact_with_furnace":25,"minecraft:mob_kills":26,"minecraft:interact_with_crafting_table":16,"minecraft:time_since_death":106296,"minecraft:sleep_in_bed":2,"minecraft:climb_one_cm":5121,"minecraft:time_since_rest":33645,"minecraft:sprint_one_cm":147367,"minecraft:damage_taken":1241,"minecraft:walk_one_cm":209691,"minecraft:damage_dealt":3226,"minecraft:swim_one_cm":4055,"minecraft:fly_one_cm":419660,"minecraft:open_chest":8,"minecraft:crouch_one_cm":7259,"minecraft:play_time":106296,"minecraft:sneak_time":3088,"minecraft:walk_under_water_one_cm":13745,"minecraft:jump":1977,"minecraft:walk_on_water_one_cm":14584,"minecraft:total_world_time":106296,"minecraft:fall_one_cm":40656,"minecraft:horse_one_cm":4687},"minecraft:picked_up":{"minecraft:birch_log":65,"minecraft:crafting_table":1,"minecraft:andesite":17,"minecraft:leather":1,"minecraft:birch_planks":3,"minecraft:oak_log":6,"minecraft:dirt":10,"minecraft:stripped_birch_log":1,"minecraft:stone_stairs":5,"minecraft:bone":4,"minecraft:wheat_seeds":4,"minecraft:cobbled_deepslate":28,"minecraft:beef":5,"minecraft:coal_block":12,"minecraft:egg":13,"minecraft:stick":5,"minecraft:raw_iron":13,"minecraft:stone":320,"minecraft:pumpkin":12,"minecraft:torch":6,"minecraft:porkchop":26,"minecraft:diorite":4,"minecraft:carrot":1,"minecraft:arrow":1,"minecraft:rotten_flesh":4,"minecraft:granite":11,"minecraft:oak_sapling":1,"minecraft:mutton":6,"minecraft:coal":87,"minecraft:white_wool":3,"minecraft:cobblestone":321},"minecraft:mined":{"minecraft:infested_deepslate":2,"minecraft:stripped_birch_log":1,"minecraft:dandelion":1,"minecraft:crafting_table":1,"minecraft:torch":3,"minecraft:granite":11,"minecraft:short_grass":21,"minecraft:grass_block":5,"minecraft:cobblestone":36,"minecraft:diorite":4,"minecraft:wall_torch":1,"minecraft:stone_stairs":5,"minecraft:birch_planks":3,"minecraft:birch_log":65,"minecraft:iron_ore":11,"minecraft:andesite":17,"minecraft:birch_leaves":4,"minecraft:pumpkin":12,"minecraft:oak_log":6,"minecraft:coal_ore":81,"minecraft:deepslate_iron_ore":2,"minecraft:dirt":6,"minecraft:stone":285,"minecraft:deepslate":28,"minecraft:oak_leaves":40},"minecraft:killed":{"minecraft:pig":13,"minecraft:spider":1,"minecraft:frog":1,"minecraft:creeper":1,"minecraft:sheep":2,"minecraft:zombie":3,"minecraft:silverfish":2,"minecraft:cow":2},"minecraft:crafted":{"minecraft:cooked_beef":5,"minecraft:wooden_sword":1,"minecraft:wooden_shovel":1,"minecraft:coal":108,"minecraft:cooked_porkchop":26,"minecraft:crafting_table":2,"minecraft:wooden_pickaxe":1,"minecraft:iron_helmet":1,"minecraft:iron_sword":1,"minecraft:furnace":13,"minecraft:stone":34,"minecraft:birch_planks":264,"minecraft:cooked_mutton":6,"minecraft:stone_stairs":36,"minecraft:bow":1,"minecraft:iron_chestplate":1,"minecraft:iron_boots":1,"minecraft:iron_axe":1,"minecraft:stick":28,"minecraft:iron_ingot":13,"minecraft:iron_pickaxe":2,"minecraft:wooden_axe":1,"minecraft:chest":5,"minecraft:iron_leggings":1,"minecraft:white_bed":1,"minecraft:birch_door":3,"minecraft:torch":64},"minecraft:broken":{"minecraft:iron_pickaxe":1,"minecraft:wooden_axe":1},"minecraft:used":{"minecraft:cooked_mutton":6,"minecraft:birch_planks":109,"minecraft:chest":5,"minecraft:stone":188,"minecraft:iron_sword":69,"minecraft:torch":46,"minecraft:crafting_table":3,"minecraft:stone_stairs":29,"minecraft:white_bed":1,"minecraft:birch_door":2,"minecraft:wooden_axe":59,"minecraft:iron_axe":47,"minecraft:iron_pickaxe":484,"minecraft:cobblestone":48,"minecraft:furnace":13,"minecraft:cooked_porkchop":11,"minecraft:cooked_beef":3}},"DataVersion":3955}