{"stats":{"minecraft:crafted":{"minecraft:polished_deepslate_wall":12,"minecraft:blaze_powder":24,"minecraft:slime_block":25,"minecraft:diamond_shovel":2,"minecraft:bookshelf":206,"minecraft:cooked_mutton":17,"minecraft:shulker_box":6,"minecraft:iron_bars":48,"minecraft:mace":1,"minecraft:quartz_block":45,"minecraft:glass":71,"minecraft:diamond_helmet":4,"minecraft:diamond_leggings":2,"minecraft:netherite_boots":2,"minecraft:beacon":3,"minecraft:polished_blackstone":64,"minecraft:name_tag":4,"minecraft:glass_bottle":12,"minecraft:emerald":467,"minecraft:cooked_porkchop":80,"minecraft:diamond_axe":2,"minecraft:jungle_boat":1,"minecraft:glow_item_frame":32,"minecraft:copper_ingot":285,"minecraft:dune_armor_trim_smithing_template":12,"minecraft:fletching_table":5,"minecraft:polished_deepslate_slab":30,"minecraft:painting":1,"minecraft:cartography_table":3,"minecraft:bolt_armor_trim_smithing_template":8,"minecraft:stone_brick_stairs":60,"minecraft:lectern":4,"minecraft:stone_slab":6,"minecraft:compass":129,"minecraft:iron_pickaxe":15,"minecraft:iron_block":333,"minecraft:gold_ingot":107,"minecraft:sandstone":8,"minecraft:netherite_ingot":18,"minecraft:spruce_fence_gate":3,"minecraft:polished_deepslate_stairs":16,"minecraft:spyglass":1,"minecraft:red_banner":8,"minecraft:bone_meal":18,"minecraft:spruce_fence":9,"minecraft:white_carpet":39,"minecraft:lantern":27,"minecraft:netherite_axe":1,"minecraft:diamond":18,"minecraft:spruce_slab":12,"minecraft:stone_pickaxe":4,"minecraft:diamond_boots":2,"minecraft:spruce_boat":1,"minecraft:redstone_block":57,"minecraft:dark_oak_planks":352,"minecraft:wheat":956,"minecraft:coal_block":47,"minecraft:crossbow":20,"minecraft:netherite_pickaxe":1,"minecraft:enchanting_table":1,"minecraft:enchanted_book":88,"minecraft:red_stained_glass":8,"minecraft:golden_apple":4,"minecraft:fermented_spider_eye":2,"minecraft:wooden_axe":1,"minecraft:iron_shovel":2,"minecraft:iron_leggings":3,"minecraft:white_bed":2,"minecraft:grindstone":2,"minecraft:oak_planks":164,"minecraft:cobblestone_slab":6,"minecraft:cooked_chicken":6,"minecraft:stone":560,"minecraft:hopper":8,"minecraft:stone_brick_slab":12,"minecraft:bow":17,"minecraft:iron_boots":5,"minecraft:comparator":3,"minecraft:chest":122,"minecraft:netherite_helmet":3,"minecraft:flow_armor_trim_smithing_template":4,"minecraft:copper_block":31,"minecraft:netherite_upgrade_smithing_template":18,"minecraft:rail":176,"minecraft:ender_eye":16,"minecraft:stone_bricks":720,"minecraft:dropper":9,"minecraft:oak_slab":6,"minecraft:item_frame":32,"minecraft:arrow":432,"minecraft:cauldron":2,"minecraft:map":51,"minecraft:crafting_table":16,"minecraft:spruce_planks":2740,"minecraft:wooden_pickaxe":1,"minecraft:iron_helmet":3,"minecraft:cherry_button":1,"minecraft:hopper_minecart":1,"minecraft:pumpkin_seeds":4,"minecraft:tnt":512,"minecraft:spruce_trapdoor":16,"minecraft:iron_chestplate":1,"minecraft:paper":1776,"minecraft:diamond_pickaxe":1,"minecraft:shield":4,"minecraft:stick":5182,"minecraft:iron_ingot":381,"minecraft:stone_sword":3,"minecraft:redstone_torch":9,"minecraft:sponge":49,"minecraft:shears":7,"minecraft:cherry_planks":104,"minecraft:wooden_sword":1,"minecraft:redstone":36,"minecraft:fishing_rod":2,"minecraft:netherite_sword":1,"minecraft:furnace":6,"minecraft:piston":48,"minecraft:cherry_sapling":2,"minecraft:glass_pane":480,"minecraft:oak_trapdoor":4,"minecraft:flint_and_steel":6,"minecraft:netherite_chestplate":3,"minecraft:netherite_leggings":3,"minecraft:polished_deepslate":511,"minecraft:iron_axe":7,"minecraft:iron_hoe":1,"minecraft:filled_map":73,"minecraft:netherite_scrap":72,"minecraft:observer":48,"minecraft:cooked_beef":70,"minecraft:sugar":64,"minecraft:red_dye":1,"minecraft:cooked_cod":170,"minecraft:diamond_sword":4,"minecraft:purple_stained_glass":8,"minecraft:iron_sword":5,"minecraft:cooked_salmon":103,"minecraft:bucket":1,"minecraft:stone_axe":3,"minecraft:air":0,"minecraft:bread":332,"minecraft:jungle_planks":48,"minecraft:oak_boat":3,"minecraft:white_wool":16,"minecraft:netherite_shovel":1,"minecraft:pumpkin_pie":64,"minecraft:torch":12,"minecraft:lapis_lazuli":289,"minecraft:lapis_block":44,"minecraft:diamond_chestplate":2,"minecraft:firework_rocket":2112},"minecraft:mined":{"minecraft:dark_oak_planks":2,"minecraft:dragon_wall_head":2,"minecraft:white_bed":27,"minecraft:cherry_log":36,"minecraft:obsidian":96,"minecraft:granite":415,"minecraft:jungle_log":15,"minecraft:chiseled_tuff_bricks":2,"minecraft:hopper":3,"minecraft:oak_wall_sign":1,"minecraft:nether_wart":92,"minecraft:spawner":1,"minecraft:chorus_flower":1,"minecraft:magma_block":673,"minecraft:cobbled_deepslate":219,"minecraft:fire":5,"minecraft:pumpkin":69,"minecraft:deepslate_lapis_ore":12,"minecraft:fletching_table":27,"minecraft:oak_sign":8,"minecraft:polished_deepslate_slab":93,"minecraft:dirt_path":38,"minecraft:small_amethyst_bud":1,"minecraft:brown_mushroom":1,"minecraft:amethyst_cluster":1,"minecraft:powder_snow":13,"minecraft:torch":23,"minecraft:blast_furnace":21,"minecraft:spruce_wall_sign":1,"minecraft:glass":14,"minecraft:sugar_cane":28,"minecraft:amethyst_block":40,"minecraft:chain":5,"minecraft:mud":24,"minecraft:magenta_bed":11,"minecraft:waxed_copper_block":8,"minecraft:wither_rose":2,"minecraft:stone_brick_stairs":25,"minecraft:mangrove_log":12,"minecraft:smooth_basalt":39,"minecraft:red_mushroom_block":80,"minecraft:piston":5,"minecraft:deepslate":3563,"minecraft:mossy_cobblestone":1,"minecraft:dark_oak_log":99,"minecraft:end_stone":503,"minecraft:shulker_box":31,"minecraft:nether_bricks":20,"minecraft:dark_oak_fence":2,"minecraft:spruce_fence":3,"minecraft:redstone_wire":5,"minecraft:cartography_table":17,"minecraft:cherry_wall_sign":5,"minecraft:waxed_copper_grate":2,"minecraft:andesite":543,"minecraft:rail":2,"minecraft:cobblestone_slab":4,"minecraft:vine":5,"minecraft:bamboo_sapling":8,"minecraft:bamboo":108,"minecraft:bone_block":67,"minecraft:ender_chest":1,"minecraft:smithing_table":6,"minecraft:glass_pane":2,"minecraft:comparator":1,"minecraft:soul_sand":165,"minecraft:stone_brick_slab":1,"minecraft:observer":6,"minecraft:dandelion":1,"minecraft:short_grass":31,"minecraft:sponge":4,"minecraft:copper_ore":35,"minecraft:tall_grass":5,"minecraft:deepslate_gold_ore":47,"minecraft:diorite":280,"minecraft:purple_bed":1,"minecraft:purple_stained_glass":1,"minecraft:spruce_log":43,"minecraft:birch_leaves":1,"minecraft:mangrove_leaves":8,"minecraft:gravel":144,"minecraft:cobweb":47,"minecraft:polished_blackstone":14,"minecraft:stone_bricks":209,"minecraft:chipped_anvil":1,"minecraft:fern":3,"minecraft:spruce_planks":6,"minecraft:cobblestone_stairs":1,"minecraft:brewing_stand":6,"minecraft:spruce_trapdoor":8,"minecraft:budding_amethyst":4,"minecraft:grass_block":229,"minecraft:soul_soil":66,"minecraft:tuff_bricks":84,"minecraft:iron_ore":56,"minecraft:polished_tuff":3,"minecraft:anvil":2,"minecraft:iron_bars":130,"minecraft:end_stone_bricks":1,"minecraft:deepslate_redstone_ore":82,"minecraft:blackstone":57,"minecraft:polished_deepslate_stairs":31,"minecraft:orange_terracotta":1,"minecraft:purpur_stairs":3,"minecraft:clay":13,"minecraft:calcite":40,"minecraft:chest":20,"minecraft:mushroom_stem":5,"minecraft:nether_quartz_ore":132,"minecraft:cobblestone":312,"minecraft:oak_planks":19,"minecraft:grindstone":2,"minecraft:waxed_chiseled_copper":4,"minecraft:iron_door":5,"minecraft:wall_torch":92,"minecraft:cauldron":2,"minecraft:spruce_wall_hanging_sign":4,"minecraft:seagrass":4,"minecraft:red_candle":4,"minecraft:warped_nylium":1,"minecraft:light_gray_wool":3,"minecraft:tnt":4,"minecraft:purpur_block":82,"minecraft:oak_log":49,"minecraft:waxed_oxidized_copper":6,"minecraft:sand":702,"minecraft:dirt":676,"minecraft:dispenser":2,"minecraft:netherrack":2365,"minecraft:ancient_debris":62,"minecraft:polished_deepslate_wall":2,"minecraft:oak_leaves":24,"minecraft:nether_gold_ore":6,"minecraft:diamond_ore":29,"minecraft:tuff":267,"minecraft:deepslate_diamond_ore":98,"minecraft:red_stained_glass":2,"minecraft:mangrove_roots":17,"minecraft:glow_lichen":1,"minecraft:decorated_pot":121,"minecraft:spruce_leaves":630,"minecraft:mangrove_propagule":4,"minecraft:large_fern":4,"minecraft:hay_block":109,"minecraft:oak_trapdoor":3,"minecraft:furnace":8,"minecraft:stripped_spruce_log":2,"minecraft:gold_block":3,"minecraft:polished_deepslate":481,"minecraft:bookshelf":220,"minecraft:deepslate_iron_ore":5,"minecraft:lantern":8,"minecraft:stripped_oak_log":2,"minecraft:wet_sponge":73,"minecraft:chorus_plant":2,"minecraft:stone":4524,"minecraft:magenta_stained_glass":4,"minecraft:basalt":535,"minecraft:oak_fence":3,"minecraft:crafting_table":11,"minecraft:lectern":806,"minecraft:lapis_ore":27,"minecraft:sweet_berry_bush":16,"minecraft:muddy_mangrove_roots":1,"minecraft:coal_ore":140,"minecraft:end_rod":1,"minecraft:cracked_stone_bricks":1,"minecraft:mossy_stone_bricks":2},"minecraft:broken":{"minecraft:shears":2,"minecraft:iron_boots":1,"minecraft:iron_leggings":1,"minecraft:iron_sword":3,"minecraft:iron_axe":8,"minecraft:iron_pickaxe":12,"minecraft:iron_helmet":1,"minecraft:stone_pickaxe":2,"minecraft:stone_axe":2,"minecraft:wooden_axe":1},"minecraft:picked_up":{"minecraft:iron_chestplate":26,"minecraft:chainmail_boots":1,"minecraft:anvil":2,"minecraft:smithing_table":8,"minecraft:lead":1,"minecraft:diamond_sword":4,"minecraft:wither_rose":72,"minecraft:enchanted_book":6,"minecraft:brewing_stand":6,"minecraft:polished_deepslate_wall":3,"minecraft:amethyst_block":35,"minecraft:polished_deepslate":884,"minecraft:string":339,"minecraft:soul_soil":133,"minecraft:cooked_salmon":158,"minecraft:diamond_leggings":3,"minecraft:gold_nugget":66,"minecraft:cobbled_deepslate":3093,"minecraft:spruce_planks":386,"minecraft:trial_key":31,"minecraft:netherite_upgrade_smithing_template":6,"minecraft:enchanted_golden_apple":20,"minecraft:mangrove_log":11,"minecraft:golden_helmet":1,"minecraft:cherry_log":36,"minecraft:waxed_copper_grate":1,"minecraft:warped_planks":128,"minecraft:golden_chestplate":1,"minecraft:cauldron":2,"minecraft:stone_sword":24,"minecraft:honey_bottle":15,"minecraft:blue_dye":2,"minecraft:iron_block":67,"minecraft:bookshelf":357,"minecraft:netherite_chestplate":3,"minecraft:blaze_rod":40,"minecraft:iron_bars":138,"minecraft:sponge":21,"minecraft:magma_block":640,"minecraft:dune_armor_trim_smithing_template":11,"minecraft:feather":95,"minecraft:cooked_beef":323,"minecraft:iron_door":7,"minecraft:water_bucket":25,"minecraft:jungle_log":15,"minecraft:flint":49,"minecraft:magenta_bed":11,"minecraft:netherite_leggings":4,"minecraft:map":1,"minecraft:lantern":9,"minecraft:chipped_anvil":1,"minecraft:stonecutter":1,"minecraft:guster_banner_pattern":1,"minecraft:diamond_helmet":5,"minecraft:stripped_spruce_log":2,"minecraft:dark_oak_log":88,"minecraft:iron_hoe":1,"minecraft:dispenser":2,"minecraft:granite":287,"minecraft:bread":2550,"minecraft:music_disc_precipice":1,"minecraft:dark_oak_fence":9,"minecraft:ominous_trial_key":11,"minecraft:diamond_pickaxe":21,"minecraft:spruce_leaves":589,"minecraft:mud":24,"minecraft:crafting_table":13,"minecraft:coarse_dirt":1,"minecraft:ominous_bottle":21,"minecraft:nether_wart":365,"minecraft:clay_ball":64,"minecraft:leather_leggings":1,"minecraft:music_disc_creator":1,"minecraft:dragon_head":2,"minecraft:purpur_block":79,"minecraft:wind_charge":184,"minecraft:elytra":6,"minecraft:flow_banner_pattern":4,"minecraft:compass":4,"minecraft:white_carpet":1,"minecraft:iron_shovel":17,"minecraft:cracked_stone_bricks":4,"minecraft:cartography_table":21,"minecraft:netherite_sword":2,"minecraft:beef":93,"minecraft:poppy":19,"minecraft:minecart":1,"minecraft:chest":32,"minecraft:piston":5,"minecraft:egg":163,"minecraft:polished_deepslate_slab":127,"minecraft:stone":192,"minecraft:spruce_fence":1,"minecraft:mace":4,"minecraft:carrot":1,"minecraft:redstone":659,"minecraft:netherite_pickaxe":3,"minecraft:music_disc_creator_music_box":3,"minecraft:tnt":519,"minecraft:diamond_chestplate":9,"minecraft:cooked_cod":142,"minecraft:decorated_pot":79,"minecraft:shears":1,"minecraft:diamond_boots":7,"minecraft:hay_block":107,"minecraft:flow_armor_trim_smithing_template":9,"minecraft:gold_ingot":9,"minecraft:totem_of_undying":17,"minecraft:polished_blackstone":14,"minecraft:tuff_bricks":40,"minecraft:mutton":109,"minecraft:white_wool":57,"minecraft:bone_block":67,"minecraft:rail":71,"minecraft:stripped_oak_log":2,"minecraft:red_mushroom":85,"minecraft:filled_map":15,"minecraft:purpur_stairs":1,"minecraft:oak_log":60,"minecraft:ancient_debris":62,"minecraft:lily_pad":12,"minecraft:golden_boots":3,"minecraft:blue_bed":1,"minecraft:paper":1,"minecraft:white_banner":30,"minecraft:apple":54,"minecraft:stone_bricks":290,"minecraft:kelp":320,"minecraft:stone_pickaxe":7,"minecraft:cherry_sign":6,"minecraft:iron_sword":55,"minecraft:smooth_basalt":19,"minecraft:sweet_berries":45,"minecraft:gravel":72,"minecraft:spruce_sapling":9,"minecraft:spruce_log":664,"minecraft:polished_tuff":3,"minecraft:leather_helmet":2,"minecraft:firework_rocket":378,"minecraft:diamond_shovel":11,"minecraft:purple_bed":3,"minecraft:slime_ball":235,"minecraft:stone_axe":12,"minecraft:diamond_axe":8,"minecraft:painting":18,"minecraft:baked_potato":25,"minecraft:warped_nylium":2,"minecraft:mangrove_propagule":4,"minecraft:hopper":8,"minecraft:ender_pearl":3512,"minecraft:shulker_shell":12,"minecraft:wheat":56,"minecraft:potion":17,"minecraft:stone_brick_stairs":18,"minecraft:lapis_block":5,"minecraft:raw_copper":199,"minecraft:iron_leggings":22,"minecraft:red_candle":12,"minecraft:netherite_ingot":5,"minecraft:experience_bottle":210,"minecraft:oak_sign":23,"minecraft:comparator":1,"minecraft:bucket":40,"minecraft:red_dye":1,"minecraft:redstone_torch":1,"minecraft:cobblestone_slab":2,"minecraft:ender_eye":10,"minecraft:calcite":22,"minecraft:iron_pickaxe":139,"minecraft:iron_boots":24,"minecraft:furnace":8,"minecraft:tipped_arrow":695,"minecraft:stick":1129,"minecraft:polished_deepslate_stairs":32,"minecraft:oak_fence":3,"minecraft:torch":569,"minecraft:porkchop":71,"minecraft:netherite_shovel":1,"minecraft:diorite":111,"minecraft:quartz_block":45,"minecraft:rotten_flesh":335,"minecraft:mangrove_roots":16,"minecraft:chorus_flower":1,"minecraft:spruce_hanging_sign":4,"minecraft:obsidian":86,"minecraft:cod":1,"minecraft:cobblestone":4470,"minecraft:muddy_mangrove_roots":1,"minecraft:leather_chestplate":3,"minecraft:repeater":12,"minecraft:andesite":426,"minecraft:golden_leggings":2,"minecraft:tuff":276,"minecraft:wither_skeleton_skull":71,"minecraft:lapis_lazuli":476,"minecraft:dirt":1243,"minecraft:name_tag":10,"minecraft:leather_boots":2,"minecraft:glass":45,"minecraft:bone":479,"minecraft:bow":77,"minecraft:wheat_seeds":11,"minecraft:raw_gold":102,"minecraft:grindstone":2,"minecraft:bolt_armor_trim_smithing_template":8,"minecraft:netherite_axe":2,"minecraft:mossy_stone_bricks":5,"minecraft:fletching_table":27,"minecraft:bamboo":2973,"minecraft:oak_planks":27,"minecraft:ghast_tear":1,"minecraft:cooked_porkchop":728,"minecraft:waxed_chiseled_copper":3,"minecraft:sand":1154,"minecraft:jungle_planks":69,"minecraft:grass_block":3,"minecraft:diamond_block":2,"minecraft:shulker_box":36,"minecraft:mossy_cobblestone":1,"minecraft:spruce_fence_gate":1,"minecraft:sugar":8,"minecraft:diamond":356,"minecraft:netherite_helmet":4,"minecraft:crossbow":39,"minecraft:breeze_rod":78,"minecraft:bone_meal":1,"minecraft:golden_apple":26,"minecraft:spruce_sign":3,"minecraft:emerald":405,"minecraft:oak_sapling":20,"minecraft:netherrack":1561,"minecraft:chorus_fruit":22,"minecraft:nether_star":12,"minecraft:end_stone_bricks":1,"minecraft:fishing_rod":1,"minecraft:cocoa_beans":4,"minecraft:splash_potion":5,"minecraft:chicken":78,"minecraft:brown_mushroom":9,"minecraft:stone_brick_wall":18,"minecraft:gold_block":6,"minecraft:diamond_horse_armor":2,"minecraft:chain":4,"minecraft:shield":31,"minecraft:oak_trapdoor":4,"minecraft:moss_carpet":2,"minecraft:iron_axe":60,"minecraft:wooden_sword":1,"minecraft:item_frame":10,"minecraft:blackstone":64,"minecraft:oak_boat":19,"minecraft:observer":6,"minecraft:light_gray_wool":2,"minecraft:lectern":826,"minecraft:sugar_cane":118,"minecraft:spruce_trapdoor":14,"minecraft:phantom_membrane":19,"minecraft:raw_iron":61,"minecraft:end_stone":737,"minecraft:stone_button":1,"minecraft:trident":12,"minecraft:iron_horse_armor":2,"minecraft:dark_oak_planks":2,"minecraft:arrow":3548,"minecraft:nether_bricks":26,"minecraft:saddle":13,"minecraft:wet_sponge":73,"minecraft:netherite_boots":4,"minecraft:purple_dye":2,"minecraft:basalt":161,"minecraft:golden_carrot":26,"minecraft:glow_ink_sac":3,"minecraft:salmon":178,"minecraft:leather":47,"minecraft:chainmail_chestplate":1,"minecraft:waxed_copper_block":15,"minecraft:cobblestone_wall":1,"minecraft:gunpowder":43,"minecraft:orange_terracotta":1,"minecraft:cooked_mutton":99,"minecraft:iron_ingot":174,"minecraft:cooked_chicken":6,"minecraft:soul_sand":228,"minecraft:book":1575,"minecraft:scaffolding":12,"minecraft:emerald_block":5,"minecraft:bamboo_planks":16,"minecraft:pumpkin":68,"minecraft:heavy_core":1,"minecraft:stone_brick_slab":2,"minecraft:quartz":291,"minecraft:dandelion":1,"minecraft:lava_bucket":17,"minecraft:amethyst_shard":42,"minecraft:blast_furnace":21,"minecraft:white_bed":29,"minecraft:spider_eye":155,"minecraft:pumpkin_seeds":4,"minecraft:iron_helmet":22,"minecraft:black_wool":3,"minecraft:coal":1028},"minecraft:used":{"minecraft:tuff_bricks":1,"minecraft:polished_blackstone":14,"minecraft:dispenser":23,"minecraft:ladder":7,"minecraft:spruce_slab":79,"minecraft:elytra":55,"minecraft:poppy":1,"minecraft:black_carpet":1,"minecraft:chest":259,"minecraft:stone":188,"minecraft:rotten_flesh":9,"minecraft:soul_sand":112,"minecraft:spruce_boat":2,"minecraft:lava_bucket":4,"minecraft:netherite_shovel":87,"minecraft:villager_spawn_egg":36,"minecraft:grass_block":325,"minecraft:stone_brick_stairs":155,"minecraft:bow":1403,"minecraft:ominous_bottle":6,"minecraft:furnace":16,"minecraft:cooked_cod":64,"minecraft:egg":90,"minecraft:diorite":37,"minecraft:spruce_door":4,"minecraft:red_stained_glass":3,"minecraft:wooden_pickaxe":39,"minecraft:jungle_boat":1,"minecraft:golden_apple":18,"minecraft:sand":8,"minecraft:blast_furnace":41,"minecraft:netherite_helmet":1,"minecraft:stone_button":1,"minecraft:lectern":815,"minecraft:cherry_sign":37,"minecraft:diamond_ore":25,"minecraft:cat_spawn_egg":4,"minecraft:diamond_sword":988,"minecraft:wooden_sword":30,"minecraft:smithing_table":10,"minecraft:white_stained_glass":268,"minecraft:oak_boat":12,"minecraft:oak_trapdoor":3,"minecraft:trial_spawner":1,"minecraft:iron_bars":198,"minecraft:enchanting_table":1,"minecraft:stone_sword":157,"minecraft:carved_pumpkin":26,"minecraft:tinted_glass":4,"minecraft:cooked_salmon":40,"minecraft:trial_key":40,"minecraft:netherrack":279,"minecraft:torch":954,"minecraft:brewing_stand":8,"minecraft:anvil":8,"minecraft:ancient_debris":2,"minecraft:chipped_anvil":1,"minecraft:iron_block":239,"minecraft:light_weighted_pressure_plate":1,"minecraft:iron_axe":1798,"minecraft:spawner":1,"minecraft:polished_deepslate_wall":157,"minecraft:jungle_log":3,"minecraft:chicken_spawn_egg":56,"minecraft:totem_of_undying":5,"minecraft:bamboo":620,"minecraft:diamond_chestplate":2,"minecraft:iron_trapdoor":1,"minecraft:goat_horn":1,"minecraft:cobbled_deepslate":860,"minecraft:cherry_log":32,"minecraft:observer":40,"minecraft:water_bucket":861,"minecraft:cartography_table":21,"minecraft:cherry_planks":1,"minecraft:cauldron":2,"minecraft:fletching_table":31,"minecraft:spruce_fence_gate":4,"minecraft:cracked_stone_bricks":1,"minecraft:salmon":1,"minecraft:polished_deepslate_slab":1361,"minecraft:rail":44,"minecraft:comparator":4,"minecraft:tnt":930,"minecraft:crafting_table":38,"minecraft:white_bed":47,"minecraft:cake":1,"minecraft:spruce_log":539,"minecraft:oak_log":5,"minecraft:ender_eye":21,"minecraft:diamond_pickaxe":2960,"minecraft:warped_trapdoor":36,"minecraft:ominous_trial_key":14,"minecraft:diamond_shovel":1205,"minecraft:wind_charge":23,"minecraft:iron_pickaxe":5321,"minecraft:spruce_trapdoor":476,"minecraft:spruce_sapling":10,"minecraft:cobblestone":779,"minecraft:potion":13,"minecraft:purple_bed":2,"minecraft:cooked_porkchop":87,"minecraft:kelp":533,"minecraft:cherry_sapling":2,"minecraft:iron_shovel":315,"minecraft:polished_deepslate":10255,"minecraft:oak_sign":12,"minecraft:shield":48,"minecraft:nether_wart":104,"minecraft:iron_sword":1195,"minecraft:zombie_spawn_egg":65,"minecraft:iron_chestplate":2,"minecraft:spruce_leaves":2058,"minecraft:nether_bricks":924,"minecraft:waxed_copper_grate":1,"minecraft:tuff":7,"minecraft:obsidian":174,"minecraft:polished_deepslate_stairs":236,"minecraft:glass":435,"minecraft:lantern":69,"minecraft:iron_helmet":2,"minecraft:stone_bricks":2192,"minecraft:bedrock":8,"minecraft:item_frame":10,"minecraft:spruce_hanging_sign":4,"minecraft:repeater":32,"minecraft:vault":15,"minecraft:magma_block":2,"minecraft:wither_skeleton_skull":35,"minecraft:stone_pickaxe":318,"minecraft:gray_carpet":2,"minecraft:oak_planks":42,"minecraft:ender_pearl":167,"minecraft:blue_bed":1,"minecraft:sugar_cane":51,"minecraft:diamond_axe":193,"minecraft:stone_brick_wall":6,"minecraft:crossbow":46,"minecraft:sponge":180,"minecraft:note_block":1,"minecraft:end_stone":468,"minecraft:shears":609,"minecraft:sticky_piston":1,"minecraft:creeper_spawn_egg":80,"minecraft:redstone_torch":6,"minecraft:polished_tuff":1,"minecraft:lever":2,"minecraft:firework_rocket":421,"minecraft:daylight_detector":2,"minecraft:mace":45,"minecraft:bread":222,"minecraft:deepslate":152,"minecraft:gravel":39,"minecraft:grindstone":8,"minecraft:andesite":82,"minecraft:chain":54,"minecraft:smooth_stone_slab":51,"minecraft:cobweb":6,"minecraft:experience_bottle":4958,"minecraft:purpur_block":8,"minecraft:netherite_sword":1716,"minecraft:trident":183,"minecraft:flint_and_steel":43,"minecraft:zombie_villager_spawn_egg":13,"minecraft:redstone":86,"minecraft:spruce_planks":6,"minecraft:cooked_chicken":12,"minecraft:spyglass":13,"minecraft:dirt":1330,"minecraft:white_carpet":103,"minecraft:hopper":38,"minecraft:cobblestone_wall":131,"minecraft:shulker_box":32,"minecraft:spruce_fence":543,"minecraft:granite":20,"minecraft:iron_hoe":60,"minecraft:wooden_axe":30,"minecraft:stone_brick_slab":16,"minecraft:bookshelf":65,"minecraft:red_candle":4,"minecraft:iron_boots":1,"minecraft:black_stained_glass":4,"minecraft:golden_carrot":1,"minecraft:minecart":2,"minecraft:netherite_pickaxe":8272,"minecraft:cooked_beef":134,"minecraft:bamboo_planks":5,"minecraft:enchanted_golden_apple":3,"minecraft:turtle_egg":9,"minecraft:pumpkin":1,"minecraft:iron_leggings":3,"minecraft:cooked_mutton":28,"minecraft:cobblestone_stairs":4,"minecraft:snow_block":38,"minecraft:glass_bottle":18,"minecraft:baked_potato":4,"minecraft:netherite_chestplate":52,"minecraft:spruce_sign":84,"minecraft:stonecutter":3,"minecraft:beacon":3,"minecraft:cobblestone_slab":2,"minecraft:glow_item_frame":40,"minecraft:magenta_bed":12,"minecraft:painting":19,"minecraft:infested_stone_bricks":11,"minecraft:smoker":10,"minecraft:purple_stained_glass":3,"minecraft:piston":37,"minecraft:map":1,"minecraft:netherite_axe":10,"minecraft:stone_axe":163,"minecraft:fishing_rod":723,"minecraft:bucket":918,"minecraft:wither_rose":2,"minecraft:smooth_stone":1355,"minecraft:splash_potion":23},"minecraft:dropped":{"minecraft:iron_sword":2,"minecraft:ominous_bottle":5,"minecraft:lapis_lazuli":69,"minecraft:cooked_beef":6,"minecraft:glow_ink_sac":3,"minecraft:glass_bottle":7,"minecraft:diamond":32,"minecraft:cooked_porkchop":2,"minecraft:crossbow":6,"minecraft:cracked_stone_bricks":3,"minecraft:saddle":1,"minecraft:elytra":3,"minecraft:rail":191,"minecraft:leather_helmet":2,"minecraft:emerald":54,"minecraft:dirt":98,"minecraft:stone_button":1,"minecraft:dark_oak_fence":9,"minecraft:cherry_button":1,"minecraft:wooden_sword":1,"minecraft:sand":12,"minecraft:sugar":2,"minecraft:iron_pickaxe":7,"minecraft:dark_oak_planks":12,"minecraft:fishing_rod":1,"minecraft:white_wool":3,"minecraft:blue_bed":1,"minecraft:bone":100,"minecraft:sugar_cane":1,"minecraft:cobbled_deepslate":1618,"minecraft:wheat":189,"minecraft:netherite_sword":1,"minecraft:obsidian":2,"minecraft:rotten_flesh":84,"minecraft:oak_planks":30,"minecraft:enchanted_golden_apple":1,"minecraft:end_stone":15,"minecraft:white_bed":1,"minecraft:waxed_copper_block":10,"minecraft:salmon":1,"minecraft:wind_charge":32,"minecraft:tipped_arrow":44,"minecraft:red_candle":8,"minecraft:hopper":1,"minecraft:breeze_rod":41,"minecraft:spruce_slab":2,"minecraft:end_stone_bricks":1,"minecraft:glass":1,"minecraft:beef":5,"minecraft:stone_brick_stairs":1,"minecraft:lectern":18,"minecraft:iron_ingot":43,"minecraft:enchanted_book":2,"minecraft:golden_boots":1,"minecraft:wheat_seeds":4,"minecraft:tnt":607,"minecraft:iron_helmet":2,"minecraft:cobblestone":1370,"minecraft:book":1032,"minecraft:apple":17,"minecraft:granite":75,"minecraft:coal":76,"minecraft:golden_apple":1,"minecraft:coal_block":12,"minecraft:lava_bucket":2,"minecraft:sponge":13,"minecraft:cooked_salmon":36,"minecraft:diamond_helmet":6,"minecraft:potion":5,"minecraft:white_banner":5,"minecraft:iron_shovel":2,"minecraft:string":214,"minecraft:lily_pad":2,"minecraft:polished_deepslate_wall":2,"minecraft:spruce_sapling":3,"minecraft:moss_carpet":2,"minecraft:zombie_spawn_egg":1,"minecraft:soul_soil":5,"minecraft:stone_sword":35,"minecraft:cocoa_beans":4,"minecraft:experience_bottle":193,"minecraft:polished_deepslate_slab":12,"minecraft:clay_ball":28,"minecraft:iron_boots":3,"minecraft:name_tag":1,"minecraft:nether_bricks":18,"minecraft:polished_deepslate_stairs":1,"minecraft:shears":3,"minecraft:diamond_sword":4,"minecraft:stone":384,"minecraft:spruce_trapdoor":4,"minecraft:spruce_planks":683,"minecraft:diamond_pickaxe":4,"minecraft:bamboo":294,"minecraft:spider_eye":5,"minecraft:stone_bricks":116,"minecraft:bow":19,"minecraft:black_wool":1,"minecraft:spruce_sign":1,"minecraft:daylight_detector":1,"minecraft:soul_sand":18,"minecraft:brown_mushroom":1,"minecraft:diamond_axe":4,"minecraft:baked_potato":1,"minecraft:ender_pearl":6587,"minecraft:nether_star":1,"minecraft:decorated_pot":78,"minecraft:leather":8,"minecraft:heavy_core":1,"minecraft:flint":18,"minecraft:spruce_leaves":2,"minecraft:mutton":8,"minecraft:cooked_cod":39,"minecraft:gravel":28,"minecraft:diamond_shovel":5,"minecraft:cooked_mutton":6,"minecraft:honey_bottle":2,"minecraft:poppy":6,"minecraft:leather_chestplate":2,"minecraft:trident":1,"minecraft:gunpowder":9,"minecraft:chest":7,"minecraft:basalt":130,"minecraft:iron_bars":4,"minecraft:arrow":125,"minecraft:splash_potion":1,"minecraft:netherrack":1256,"minecraft:firework_rocket":62,"minecraft:water_bucket":1,"minecraft:bread":751,"minecraft:cherry_log":4,"minecraft:mossy_cobblestone":1,"minecraft:smithing_table":1,"minecraft:diamond_leggings":4,"minecraft:netherite_axe":1,"minecraft:mangrove_propagule":1,"minecraft:polished_tuff":2,"minecraft:ominous_trial_key":5,"minecraft:stick":477,"minecraft:iron_block":47,"minecraft:diorite":81,"minecraft:torch":7,"minecraft:iron_door":7,"minecraft:iron_axe":5,"minecraft:flow_banner_pattern":3,"minecraft:bucket":1,"minecraft:dandelion":1,"minecraft:smooth_basalt":5,"minecraft:redstone":13,"minecraft:polished_deepslate":43,"minecraft:kelp":227,"minecraft:tuff_bricks":38,"minecraft:sweet_berries":5,"minecraft:warped_nylium":2,"minecraft:oak_trapdoor":1,"minecraft:coarse_dirt":1,"minecraft:raw_copper":83,"minecraft:tuff":174,"minecraft:guster_banner_pattern":1,"minecraft:raw_iron":9,"minecraft:light_gray_wool":1,"minecraft:ender_eye":1,"minecraft:totem_of_undying":1,"minecraft:filled_map":2,"minecraft:muddy_mangrove_roots":1,"minecraft:shield":2,"minecraft:trial_key":3,"minecraft:diamond_chestplate":6,"minecraft:orange_terracotta":1,"minecraft:iron_chestplate":3,"minecraft:andesite":142,"minecraft:mossy_stone_bricks":3,"minecraft:golden_leggings":1,"minecraft:oak_boat":4,"minecraft:oak_sapling":3,"minecraft:diamond_boots":7,"minecraft:waxed_chiseled_copper":3,"minecraft:spruce_log":80,"minecraft:stone_pickaxe":1,"minecraft:wooden_pickaxe":1,"minecraft:raw_gold":4,"minecraft:calcite":8,"minecraft:white_stained_glass":1},"minecraft:killed_by":{"minecraft:zombie_villager":6,"minecraft:pillager":1,"minecraft:ravager":2,"minecraft:vindicator":2,"minecraft:zombie":2,"minecraft:vex":8,"minecraft:stray":1,"minecraft:evoker":1,"minecraft:creeper":1,"minecraft:blaze":1,"minecraft:witch":1,"minecraft:endermite":1,"minecraft:player":1,"minecraft:iron_golem":1,"minecraft:skeleton":4},"minecraft:killed":{"minecraft:shulker":27,"minecraft:skeleton":159,"minecraft:chicken":28,"minecraft:magma_cube":24,"minecraft:salmon":25,"minecraft:iron_golem":9,"minecraft:ender_dragon":1,"minecraft:pillager":73,"minecraft:zombie":801,"minecraft:cow":23,"minecraft:evoker":10,"minecraft:vindicator":34,"minecraft:ravager":6,"minecraft:breeze":25,"minecraft:enderman":6189,"minecraft:witch":10,"minecraft:spider":181,"minecraft:wither":10,"minecraft:silverfish":47,"minecraft:piglin":4,"minecraft:pig":21,"minecraft:zombie_villager":3,"minecraft:creeper":32,"minecraft:sheep":38,"minecraft:stray":11,"minecraft:ghast":2,"minecraft:blaze":60,"minecraft:vex":19,"minecraft:bogged":27,"minecraft:slime":151,"minecraft:phantom":22,"minecraft:drowned":2,"minecraft:bat":2,"minecraft:squid":1,"minecraft:wither_skeleton":402,"minecraft:villager":38},"minecraft:custom":{"minecraft:interact_with_crafting_table":241,"minecraft:open_barrel":25,"minecraft:eat_cake_slice":3,"minecraft:leave_game":22,"minecraft:time_since_death":404890,"minecraft:damage_blocked_by_shield":2892,"minecraft:play_time":4548795,"minecraft:deaths":43,"minecraft:jump":27844,"minecraft:enchant_item":122,"minecraft:interact_with_furnace":309,"minecraft:traded_with_villager":897,"minecraft:interact_with_cartography_table":8,"minecraft:sleep_in_bed":52,"minecraft:damage_dealt":310945,"minecraft:interact_with_smoker":106,"minecraft:use_cauldron":12,"minecraft:inspect_dispenser":44,"minecraft:interact_with_smithing_table":13,"minecraft:interact_with_anvil":67,"minecraft:inspect_hopper":25,"minecraft:sneak_time":262172,"minecraft:interact_with_blast_furnace":197,"minecraft:total_world_time":4548795,"minecraft:tune_noteblock":37554,"minecraft:interact_with_stonecutter":2,"minecraft:time_since_rest":212428,"minecraft:swim_one_cm":709425,"minecraft:fly_one_cm":8439470,"minecraft:open_chest":3208,"minecraft:fish_caught":309,"minecraft:fall_one_cm":1041533,"minecraft:animals_bred":7,"minecraft:open_shulker_box":87,"minecraft:damage_resisted":6808,"minecraft:sprint_one_cm":5770916,"minecraft:drop":1411,"minecraft:talked_to_villager":1368,"minecraft:interact_with_brewingstand":41,"minecraft:walk_on_water_one_cm":593744,"minecraft:open_enderchest":3,"minecraft:interact_with_beacon":18,"minecraft:player_kills":5,"minecraft:crouch_one_cm":1133552,"minecraft:mob_kills":8605,"minecraft:fill_cauldron":4,"minecraft:climb_one_cm":52581,"minecraft:walk_one_cm":8819878,"minecraft:raid_win":1,"minecraft:walk_under_water_one_cm":1491638,"minecraft:boat_one_cm":863938,"minecraft:raid_trigger":2,"minecraft:interact_with_grindstone":123,"minecraft:damage_taken":55148,"minecraft:damage_absorbed":1299,"minecraft:minecart_one_cm":1164,"minecraft:aviate_one_cm":11101467}},"DataVersion":3955}