{"stats":{"minecraft:crafted":{"minecraft:grindstone":2,"minecraft:oak_planks":144,"minecraft:cobblestone_slab":6,"minecraft:blaze_powder":8,"minecraft:cooked_chicken":6,"minecraft:stone":560,"minecraft:diamond_shovel":1,"minecraft:bookshelf":199,"minecraft:iron_bars":16,"minecraft:cooked_mutton":17,"minecraft:quartz_block":45,"minecraft:glass":64,"minecraft:hopper":2,"minecraft:stone_brick_slab":12,"minecraft:bow":17,"minecraft:iron_boots":5,"minecraft:polished_blackstone":64,"minecraft:chest":100,"minecraft:stone_bricks":720,"minecraft:glass_bottle":6,"minecraft:item_frame":32,"minecraft:oak_slab":6,"minecraft:arrow":432,"minecraft:emerald":271,"minecraft:cauldron":2,"minecraft:cooked_porkchop":80,"minecraft:map":31,"minecraft:crafting_table":16,"minecraft:spruce_planks":2692,"minecraft:jungle_boat":1,"minecraft:glow_item_frame":32,"minecraft:wooden_pickaxe":1,"minecraft:iron_helmet":3,"minecraft:fletching_table":3,"minecraft:polished_deepslate_slab":30,"minecraft:painting":1,"minecraft:cartography_table":3,"minecraft:stone_brick_stairs":60,"minecraft:spruce_trapdoor":10,"minecraft:lectern":4,"minecraft:iron_chestplate":1,"minecraft:paper":453,"minecraft:diamond_pickaxe":1,"minecraft:shield":4,"minecraft:stick":5182,"minecraft:stone_slab":6,"minecraft:iron_ingot":309,"minecraft:compass":105,"minecraft:iron_pickaxe":15,"minecraft:iron_block":114,"minecraft:stone_sword":3,"minecraft:gold_ingot":98,"minecraft:spruce_fence_gate":2,"minecraft:shears":1,"minecraft:wooden_sword":1,"minecraft:polished_deepslate_stairs":16,"minecraft:furnace":6,"minecraft:red_banner":8,"minecraft:piston":48,"minecraft:cherry_sapling":2,"minecraft:glass_pane":160,"minecraft:oak_trapdoor":4,"minecraft:lantern":27,"minecraft:polished_deepslate":511,"minecraft:iron_axe":7,"minecraft:iron_hoe":1,"minecraft:spruce_slab":12,"minecraft:stone_pickaxe":4,"minecraft:filled_map":65,"minecraft:spruce_boat":1,"minecraft:redstone_block":26,"minecraft:dark_oak_planks":352,"minecraft:observer":48,"minecraft:wheat":803,"minecraft:cooked_beef":50,"minecraft:coal_block":47,"minecraft:crossbow":20,"minecraft:enchanting_table":1,"minecraft:iron_sword":5,"minecraft:cooked_salmon":22,"minecraft:stone_axe":3,"minecraft:enchanted_book":52,"minecraft:bread":270,"minecraft:air":0,"minecraft:jungle_planks":48,"minecraft:oak_boat":3,"minecraft:golden_apple":4,"minecraft:fermented_spider_eye":2,"minecraft:wooden_axe":1,"minecraft:iron_shovel":2,"minecraft:iron_leggings":3,"minecraft:white_bed":2,"minecraft:torch":12,"minecraft:lapis_lazuli":18},"minecraft:used":{"minecraft:tuff_bricks":1,"minecraft:cherry_sapling":2,"minecraft:polished_deepslate":4090,"minecraft:iron_shovel":315,"minecraft:polished_blackstone":14,"minecraft:poppy":1,"minecraft:oak_sign":12,"minecraft:shield":25,"minecraft:chest":152,"minecraft:nether_wart":72,"minecraft:iron_sword":842,"minecraft:stone":182,"minecraft:zombie_spawn_egg":8,"minecraft:rotten_flesh":9,"minecraft:iron_chestplate":2,"minecraft:soul_sand":37,"minecraft:waxed_copper_grate":1,"minecraft:obsidian":30,"minecraft:polished_deepslate_stairs":139,"minecraft:spruce_boat":1,"minecraft:glass":141,"minecraft:lava_bucket":3,"minecraft:villager_spawn_egg":25,"minecraft:grass_block":325,"minecraft:lantern":69,"minecraft:iron_helmet":2,"minecraft:stone_brick_stairs":155,"minecraft:stone_bricks":2176,"minecraft:item_frame":10,"minecraft:bow":725,"minecraft:ominous_bottle":2,"minecraft:furnace":16,"minecraft:diorite":2,"minecraft:stone_pickaxe":318,"minecraft:oak_planks":24,"minecraft:sugar_cane":51,"minecraft:wooden_pickaxe":39,"minecraft:diamond_axe":1,"minecraft:jungle_boat":1,"minecraft:sand":8,"minecraft:stone_brick_wall":6,"minecraft:sponge":22,"minecraft:blast_furnace":41,"minecraft:crossbow":46,"minecraft:polished_tuff":1,"minecraft:bread":93,"minecraft:lectern":486,"minecraft:deepslate":64,"minecraft:gravel":39,"minecraft:cat_spawn_egg":4,"minecraft:wooden_sword":30,"minecraft:andesite":42,"minecraft:oak_trapdoor":3,"minecraft:chain":54,"minecraft:oak_boat":8,"minecraft:grindstone":4,"minecraft:smithing_table":10,"minecraft:experience_bottle":1246,"minecraft:trident":36,"minecraft:iron_bars":169,"minecraft:enchanting_table":1,"minecraft:stone_sword":157,"minecraft:flint_and_steel":1,"minecraft:redstone":32,"minecraft:spruce_planks":6,"minecraft:cooked_salmon":25,"minecraft:dirt":510,"minecraft:trial_key":17,"minecraft:cooked_chicken":12,"minecraft:netherrack":134,"minecraft:torch":387,"minecraft:brewing_stand":8,"minecraft:anvil":5,"minecraft:hopper":11,"minecraft:iron_hoe":60,"minecraft:wooden_axe":30,"minecraft:stone_brick_slab":16,"minecraft:chipped_anvil":1,"minecraft:bookshelf":65,"minecraft:iron_axe":1403,"minecraft:jungle_log":3,"minecraft:red_candle":4,"minecraft:iron_boots":1,"minecraft:totem_of_undying":1,"minecraft:bamboo":487,"minecraft:golden_carrot":1,"minecraft:cherry_log":21,"minecraft:bamboo_planks":5,"minecraft:cooked_beef":35,"minecraft:observer":36,"minecraft:cobbled_deepslate":11,"minecraft:iron_leggings":3,"minecraft:cooked_mutton":14,"minecraft:water_bucket":212,"minecraft:glass_bottle":6,"minecraft:baked_potato":4,"minecraft:cartography_table":19,"minecraft:cauldron":2,"minecraft:cobblestone_slab":2,"minecraft:fletching_table":24,"minecraft:spruce_fence_gate":2,"minecraft:salmon":1,"minecraft:glow_item_frame":40,"minecraft:polished_deepslate_slab":85,"minecraft:crafting_table":28,"minecraft:white_bed":45,"minecraft:painting":19,"minecraft:spruce_log":536,"minecraft:cake":1,"minecraft:smoker":10,"minecraft:oak_log":5,"minecraft:piston":37,"minecraft:ominous_trial_key":2,"minecraft:warped_trapdoor":36,"minecraft:diamond_pickaxe":398,"minecraft:diamond_shovel":517,"minecraft:wind_charge":23,"minecraft:iron_pickaxe":5207,"minecraft:spruce_trapdoor":13,"minecraft:spruce_sapling":10,"minecraft:stone_axe":163,"minecraft:cobblestone":135,"minecraft:potion":4,"minecraft:purple_bed":1,"minecraft:cooked_porkchop":87,"minecraft:bucket":211,"minecraft:splash_potion":9},"minecraft:dropped":{"minecraft:iron_sword":2,"minecraft:diamond_axe":1,"minecraft:cooked_beef":6,"minecraft:baked_potato":1,"minecraft:glass_bottle":4,"minecraft:diamond":21,"minecraft:cooked_porkchop":2,"minecraft:decorated_pot":61,"minecraft:crossbow":4,"minecraft:leather":8,"minecraft:saddle":1,"minecraft:emerald":50,"minecraft:flint":2,"minecraft:dirt":27,"minecraft:dark_oak_fence":9,"minecraft:mutton":8,"minecraft:wooden_sword":1,"minecraft:sand":5,"minecraft:sugar":2,"minecraft:iron_pickaxe":7,"minecraft:dark_oak_planks":12,"minecraft:white_wool":3,"minecraft:bone":4,"minecraft:gravel":18,"minecraft:sugar_cane":1,"minecraft:cobbled_deepslate":617,"minecraft:wheat":189,"minecraft:rotten_flesh":47,"minecraft:oak_planks":10,"minecraft:cooked_mutton":6,"minecraft:white_bed":1,"minecraft:salmon":1,"minecraft:waxed_copper_block":2,"minecraft:wind_charge":12,"minecraft:poppy":4,"minecraft:tipped_arrow":4,"minecraft:gunpowder":6,"minecraft:red_candle":8,"minecraft:chest":4,"minecraft:breeze_rod":2,"minecraft:spruce_slab":2,"minecraft:iron_bars":4,"minecraft:arrow":32,"minecraft:beef":5,"minecraft:stone_brick_stairs":1,"minecraft:splash_potion":1,"minecraft:netherrack":332,"minecraft:lectern":3,"minecraft:iron_ingot":27,"minecraft:enchanted_book":1,"minecraft:bread":538,"minecraft:wheat_seeds":4,"minecraft:cherry_log":4,"minecraft:mossy_cobblestone":1,"minecraft:smithing_table":1,"minecraft:mangrove_propagule":1,"minecraft:iron_helmet":2,"minecraft:cobblestone":132,"minecraft:book":1031,"minecraft:polished_tuff":1,"minecraft:apple":17,"minecraft:granite":5,"minecraft:coal":1,"minecraft:golden_apple":1,"minecraft:coal_block":12,"minecraft:stick":285,"minecraft:lava_bucket":1,"minecraft:iron_block":47,"minecraft:diorite":3,"minecraft:torch":6,"minecraft:potion":2,"minecraft:white_banner":5,"minecraft:iron_axe":4,"minecraft:iron_shovel":2,"minecraft:string":8,"minecraft:polished_deepslate":37,"minecraft:spruce_sapling":3,"minecraft:dandelion":1,"minecraft:redstone":13,"minecraft:moss_carpet":2,"minecraft:sweet_berries":5,"minecraft:warped_nylium":2,"minecraft:oak_trapdoor":1,"minecraft:coarse_dirt":1,"minecraft:cocoa_beans":4,"minecraft:raw_copper":28,"minecraft:tuff":72,"minecraft:polished_deepslate_slab":3,"minecraft:light_gray_wool":1,"minecraft:iron_boots":3,"minecraft:totem_of_undying":1,"minecraft:polished_deepslate_stairs":1,"minecraft:filled_map":2,"minecraft:muddy_mangrove_roots":1,"minecraft:stone":384,"minecraft:shield":1,"minecraft:trial_key":3,"minecraft:diamond_chestplate":1,"minecraft:orange_terracotta":1,"minecraft:spruce_trapdoor":2,"minecraft:spruce_planks":683,"minecraft:iron_chestplate":2,"minecraft:andesite":30,"minecraft:oak_boat":3,"minecraft:oak_sapling":1,"minecraft:stone_bricks":110,"minecraft:spider_eye":5,"minecraft:bamboo":195,"minecraft:spruce_log":80,"minecraft:bow":13,"minecraft:stone_pickaxe":1,"minecraft:wooden_pickaxe":1,"minecraft:calcite":1,"minecraft:black_wool":1},"minecraft:picked_up":{"minecraft:iron_chestplate":24,"minecraft:wheat":22,"minecraft:anvil":2,"minecraft:smithing_table":8,"minecraft:enchanted_book":1,"minecraft:potion":10,"minecraft:stone_brick_stairs":4,"minecraft:brewing_stand":6,"minecraft:polished_deepslate":774,"minecraft:string":68,"minecraft:soul_soil":128,"minecraft:raw_copper":126,"minecraft:cooked_salmon":86,"minecraft:iron_leggings":21,"minecraft:red_candle":12,"minecraft:oak_sign":23,"minecraft:gold_nugget":5,"minecraft:cobbled_deepslate":712,"minecraft:bucket":37,"minecraft:spruce_planks":386,"minecraft:trial_key":24,"minecraft:cobblestone_slab":2,"minecraft:calcite":1,"minecraft:iron_pickaxe":136,"minecraft:mangrove_log":11,"minecraft:iron_boots":23,"minecraft:furnace":8,"minecraft:tipped_arrow":482,"minecraft:stick":311,"minecraft:oak_fence":3,"minecraft:polished_deepslate_stairs":31,"minecraft:torch":505,"minecraft:porkchop":71,"minecraft:cherry_log":25,"minecraft:waxed_copper_grate":1,"minecraft:diorite":19,"minecraft:warped_planks":128,"minecraft:quartz_block":45,"minecraft:stone_sword":8,"minecraft:honey_bottle":4,"minecraft:rotten_flesh":168,"minecraft:iron_block":1,"minecraft:bookshelf":238,"minecraft:mangrove_roots":16,"minecraft:blaze_rod":11,"minecraft:obsidian":45,"minecraft:iron_bars":126,"minecraft:cobblestone":2528,"minecraft:dune_armor_trim_smithing_template":4,"minecraft:muddy_mangrove_roots":1,"minecraft:feather":8,"minecraft:cooked_beef":217,"minecraft:andesite":285,"minecraft:water_bucket":12,"minecraft:jungle_log":15,"minecraft:flint":11,"minecraft:tuff":72,"minecraft:map":1,"minecraft:lapis_lazuli":108,"minecraft:dirt":485,"minecraft:lantern":9,"minecraft:name_tag":9,"minecraft:glass":45,"minecraft:bone":157,"minecraft:chipped_anvil":1,"minecraft:bow":51,"minecraft:wheat_seeds":7,"minecraft:raw_gold":88,"minecraft:grindstone":2,"minecraft:fletching_table":22,"minecraft:bamboo":2546,"minecraft:oak_planks":9,"minecraft:cooked_porkchop":728,"minecraft:jungle_planks":46,"minecraft:sand":915,"minecraft:stripped_spruce_log":2,"minecraft:grass_block":1,"minecraft:dark_oak_log":88,"minecraft:mossy_cobblestone":1,"minecraft:iron_hoe":1,"minecraft:sugar":8,"minecraft:diamond":110,"minecraft:breeze_rod":33,"minecraft:crossbow":15,"minecraft:granite":150,"minecraft:bone_meal":1,"minecraft:golden_apple":23,"minecraft:bread":2396,"minecraft:emerald":256,"minecraft:music_disc_precipice":1,"minecraft:oak_sapling":3,"minecraft:netherrack":589,"minecraft:dark_oak_fence":9,"minecraft:diamond_pickaxe":16,"minecraft:coarse_dirt":1,"minecraft:cocoa_beans":4,"minecraft:mud":24,"minecraft:crafting_table":13,"minecraft:splash_potion":5,"minecraft:ominous_bottle":5,"minecraft:chicken":11,"minecraft:nether_wart":169,"minecraft:brown_mushroom":3,"minecraft:stone_brick_wall":18,"minecraft:gold_block":5,"minecraft:diamond_horse_armor":2,"minecraft:chain":4,"minecraft:shield":26,"minecraft:wind_charge":87,"minecraft:oak_trapdoor":4,"minecraft:moss_carpet":2,"minecraft:iron_axe":55,"minecraft:item_frame":10,"minecraft:compass":4,"minecraft:iron_shovel":16,"minecraft:blackstone":64,"minecraft:cartography_table":20,"minecraft:beef":93,"minecraft:oak_boat":14,"minecraft:observer":4,"minecraft:poppy":13,"minecraft:light_gray_wool":2,"minecraft:sugar_cane":118,"minecraft:lectern":486,"minecraft:phantom_membrane":6,"minecraft:chest":26,"minecraft:piston":5,"minecraft:spruce_trapdoor":7,"minecraft:egg":24,"minecraft:raw_iron":44,"minecraft:polished_deepslate_slab":85,"minecraft:stone":192,"minecraft:trident":8,"minecraft:carrot":1,"minecraft:redstone":437,"minecraft:music_disc_creator_music_box":3,"minecraft:iron_horse_armor":2,"minecraft:dark_oak_planks":2,"minecraft:arrow":2626,"minecraft:diamond_chestplate":4,"minecraft:decorated_pot":62,"minecraft:nether_bricks":4,"minecraft:hay_block":90,"minecraft:gold_ingot":9,"minecraft:saddle":13,"minecraft:flow_armor_trim_smithing_template":1,"minecraft:totem_of_undying":12,"minecraft:polished_blackstone":14,"minecraft:tuff_bricks":2,"minecraft:mutton":109,"minecraft:white_wool":57,"minecraft:bone_block":4,"minecraft:stripped_oak_log":2,"minecraft:golden_carrot":10,"minecraft:salmon":177,"minecraft:leather":43,"minecraft:red_mushroom":68,"minecraft:filled_map":12,"minecraft:oak_log":55,"minecraft:waxed_copper_block":7,"minecraft:lily_pad":11,"minecraft:cobblestone_wall":1,"minecraft:gunpowder":28,"minecraft:blue_bed":1,"minecraft:paper":1,"minecraft:white_banner":26,"minecraft:orange_terracotta":1,"minecraft:cooked_mutton":78,"minecraft:apple":48,"minecraft:stone_bricks":281,"minecraft:iron_ingot":122,"minecraft:stone_pickaxe":7,"minecraft:cooked_chicken":6,"minecraft:soul_sand":129,"minecraft:iron_sword":53,"minecraft:book":1511,"minecraft:scaffolding":12,"minecraft:emerald_block":4,"minecraft:bamboo_planks":16,"minecraft:pumpkin":13,"minecraft:sweet_berries":45,"minecraft:stone_brick_slab":2,"minecraft:dandelion":1,"minecraft:quartz":251,"minecraft:gravel":60,"minecraft:lava_bucket":17,"minecraft:spruce_sapling":9,"minecraft:blast_furnace":21,"minecraft:white_bed":26,"minecraft:spruce_log":664,"minecraft:spider_eye":23,"minecraft:polished_tuff":2,"minecraft:diamond_shovel":4,"minecraft:purple_bed":1,"minecraft:slime_ball":19,"minecraft:stone_axe":12,"minecraft:iron_helmet":21,"minecraft:diamond_axe":3,"minecraft:painting":18,"minecraft:baked_potato":5,"minecraft:black_wool":3,"minecraft:warped_nylium":2,"minecraft:coal":850,"minecraft:mangrove_propagule":4,"minecraft:hopper":6,"minecraft:ender_pearl":10},"minecraft:broken":{"minecraft:iron_boots":1,"minecraft:iron_leggings":1,"minecraft:stone_pickaxe":2,"minecraft:stone_axe":2,"minecraft:iron_sword":2,"minecraft:wooden_axe":1,"minecraft:iron_axe":6,"minecraft:iron_pickaxe":12,"minecraft:iron_helmet":1},"minecraft:killed":{"minecraft:witch":10,"minecraft:spider":49,"minecraft:skeleton":89,"minecraft:chicken":13,"minecraft:silverfish":15,"minecraft:magma_cube":23,"minecraft:piglin":4,"minecraft:pig":21,"minecraft:zombie_villager":2,"minecraft:salmon":25,"minecraft:iron_golem":5,"minecraft:creeper":28,"minecraft:sheep":38,"minecraft:pillager":55,"minecraft:zombie":123,"minecraft:stray":10,"minecraft:blaze":22,"minecraft:cow":23,"minecraft:evoker":10,"minecraft:vex":18,"minecraft:bogged":7,"minecraft:vindicator":32,"minecraft:slime":22,"minecraft:phantom":4,"minecraft:bat":1,"minecraft:ravager":6,"minecraft:breeze":10,"minecraft:wither_skeleton":5,"minecraft:villager":22,"minecraft:enderman":6},"minecraft:custom":{"minecraft:animals_bred":3,"minecraft:interact_with_crafting_table":149,"minecraft:open_barrel":19,"minecraft:eat_cake_slice":3,"minecraft:leave_game":13,"minecraft:time_since_death":3599,"minecraft:sprint_one_cm":3480242,"minecraft:damage_blocked_by_shield":1355,"minecraft:drop":464,"minecraft:talked_to_villager":864,"minecraft:play_time":1793901,"minecraft:deaths":32,"minecraft:jump":13629,"minecraft:interact_with_brewingstand":17,"minecraft:walk_on_water_one_cm":209946,"minecraft:enchant_item":26,"minecraft:interact_with_furnace":235,"minecraft:traded_with_villager":611,"minecraft:interact_with_cartography_table":7,"minecraft:sleep_in_bed":38,"minecraft:damage_dealt":71092,"minecraft:player_kills":3,"minecraft:crouch_one_cm":453454,"minecraft:interact_with_smoker":23,"minecraft:use_cauldron":6,"minecraft:inspect_dispenser":9,"minecraft:interact_with_smithing_table":1,"minecraft:interact_with_anvil":15,"minecraft:mob_kills":727,"minecraft:inspect_hopper":2,"minecraft:fill_cauldron":4,"minecraft:climb_one_cm":27166,"minecraft:walk_one_cm":5144307,"minecraft:raid_win":1,"minecraft:sneak_time":85263,"minecraft:walk_under_water_one_cm":131235,"minecraft:boat_one_cm":469787,"minecraft:interact_with_blast_furnace":99,"minecraft:total_world_time":1793901,"minecraft:raid_trigger":2,"minecraft:interact_with_grindstone":26,"minecraft:time_since_rest":3625,"minecraft:damage_taken":24790,"minecraft:damage_absorbed":51,"minecraft:swim_one_cm":281615,"minecraft:fly_one_cm":3749076,"minecraft:open_chest":1721,"minecraft:fall_one_cm":249182},"minecraft:killed_by":{"minecraft:evoker":1,"minecraft:zombie_villager":6,"minecraft:creeper":1,"minecraft:pillager":1,"minecraft:ravager":2,"minecraft:vindicator":2,"minecraft:blaze":1,"minecraft:witch":1,"minecraft:zombie":2,"minecraft:vex":7,"minecraft:player":1,"minecraft:stray":1,"minecraft:iron_golem":1,"minecraft:skeleton":4},"minecraft:mined":{"minecraft:dark_oak_planks":2,"minecraft:spruce_planks":6,"minecraft:white_bed":24,"minecraft:cherry_log":23,"minecraft:brewing_stand":6,"minecraft:obsidian":47,"minecraft:spruce_trapdoor":5,"minecraft:granite":222,"minecraft:grass_block":71,"minecraft:jungle_log":15,"minecraft:soul_soil":66,"minecraft:hopper":2,"minecraft:oak_wall_sign":1,"minecraft:nether_wart":56,"minecraft:tuff_bricks":11,"minecraft:iron_ore":39,"minecraft:fire":2,"minecraft:polished_tuff":1,"minecraft:anvil":2,"minecraft:pumpkin":14,"minecraft:deepslate_lapis_ore":3,"minecraft:fletching_table":22,"minecraft:oak_sign":8,"minecraft:dirt_path":38,"minecraft:polished_deepslate_slab":63,"minecraft:iron_bars":117,"minecraft:deepslate_redstone_ore":45,"minecraft:brown_mushroom":1,"minecraft:polished_deepslate_stairs":30,"minecraft:orange_terracotta":1,"minecraft:powder_snow":13,"minecraft:torch":19,"minecraft:blast_furnace":21,"minecraft:calcite":1,"minecraft:chest":15,"minecraft:mushroom_stem":5,"minecraft:glass":11,"minecraft:nether_quartz_ore":117,"minecraft:cobblestone":80,"minecraft:oak_planks":1,"minecraft:sugar_cane":28,"minecraft:grindstone":2,"minecraft:wall_torch":84,"minecraft:seagrass":2,"minecraft:chain":5,"minecraft:red_candle":4,"minecraft:warped_nylium":1,"minecraft:mud":24,"minecraft:light_gray_wool":1,"minecraft:stone_brick_stairs":5,"minecraft:oak_log":44,"minecraft:waxed_oxidized_copper":3,"minecraft:sand":581,"minecraft:dirt":244,"minecraft:mangrove_log":12,"minecraft:piston":5,"minecraft:deepslate":505,"minecraft:red_mushroom_block":80,"minecraft:netherrack":724,"minecraft:oak_leaves":24,"minecraft:nether_gold_ore":1,"minecraft:diamond_ore":1,"minecraft:tuff":36,"minecraft:mossy_cobblestone":1,"minecraft:deepslate_diamond_ore":25,"minecraft:dark_oak_log":99,"minecraft:mangrove_roots":17,"minecraft:nether_bricks":2,"minecraft:dark_oak_fence":2,"minecraft:decorated_pot":64,"minecraft:spruce_leaves":8,"minecraft:cartography_table":16,"minecraft:mangrove_propagule":4,"minecraft:large_fern":4,"minecraft:hay_block":95,"minecraft:oak_trapdoor":3,"minecraft:furnace":8,"minecraft:waxed_copper_grate":1,"minecraft:andesite":391,"minecraft:stripped_spruce_log":2,"minecraft:gold_block":3,"minecraft:polished_deepslate":355,"minecraft:bookshelf":220,"minecraft:cobblestone_slab":2,"minecraft:deepslate_iron_ore":2,"minecraft:vine":4,"minecraft:lantern":8,"minecraft:stripped_oak_log":2,"minecraft:bamboo_sapling":7,"minecraft:bamboo":94,"minecraft:stone":2373,"minecraft:bone_block":4,"minecraft:smithing_table":6,"minecraft:glass_pane":2,"minecraft:soul_sand":68,"minecraft:basalt":31,"minecraft:stone_brick_slab":1,"minecraft:observer":4,"minecraft:dandelion":1,"minecraft:oak_fence":3,"minecraft:crafting_table":11,"minecraft:short_grass":23,"minecraft:lectern":481,"minecraft:copper_ore":15,"minecraft:tall_grass":5,"minecraft:lapis_ore":16,"minecraft:deepslate_gold_ore":39,"minecraft:diorite":41,"minecraft:sweet_berry_bush":16,"minecraft:birch_leaves":1,"minecraft:spruce_log":43,"minecraft:mangrove_leaves":8,"minecraft:muddy_mangrove_roots":1,"minecraft:coal_ore":136,"minecraft:gravel":69,"minecraft:cobweb":22,"minecraft:polished_blackstone":14,"minecraft:stone_bricks":193,"minecraft:chipped_anvil":1,"minecraft:fern":3}},"DataVersion":3955}