{"stats":{"minecraft:crafted":{"minecraft:wooden_sword":1,"minecraft:oak_planks":124,"minecraft:cooked_chicken":6,"minecraft:furnace":6,"minecraft:cooked_mutton":8,"minecraft:oak_trapdoor":4,"minecraft:iron_boots":2,"minecraft:iron_hoe":1,"minecraft:stone_pickaxe":4,"minecraft:chest":4,"minecraft:cooked_beef":21,"minecraft:emerald":9,"minecraft:cooked_porkchop":9,"minecraft:crafting_table":4,"minecraft:wooden_pickaxe":1,"minecraft:cooked_salmon":22,"minecraft:stone_axe":3,"minecraft:air":0,"minecraft:oak_boat":2,"minecraft:shield":3,"minecraft:stick":32,"minecraft:iron_pickaxe":1,"minecraft:wooden_axe":1,"minecraft:stone_sword":3,"minecraft:gold_ingot":18,"minecraft:torch":12,"minecraft:shears":1},"minecraft:broken":{"minecraft:stone_pickaxe":1,"minecraft:iron_axe":1,"minecraft:stone_axe":2,"minecraft:wooden_axe":1},"minecraft:dropped":{"minecraft:wheat_seeds":1,"minecraft:cooked_beef":6,"minecraft:glass_bottle":1,"minecraft:decorated_pot":24,"minecraft:cobblestone":4,"minecraft:polished_tuff":1,"minecraft:stick":3,"minecraft:dark_oak_fence":9,"minecraft:potion":1,"minecraft:wooden_sword":1,"minecraft:sugar":2,"minecraft:dandelion":1,"minecraft:rotten_flesh":7,"minecraft:oak_planks":2,"minecraft:iron_boots":1,"minecraft:waxed_copper_block":1,"minecraft:poppy":4,"minecraft:tipped_arrow":2,"minecraft:shield":1,"minecraft:trial_key":2,"minecraft:oak_sapling":1,"minecraft:breeze_rod":2,"minecraft:arrow":32,"minecraft:bow":7,"minecraft:stone_pickaxe":1,"minecraft:wooden_pickaxe":1,"minecraft:black_wool":1},"minecraft:killed_by":{"minecraft:player":1,"minecraft:stray":1,"minecraft:skeleton":2,"minecraft:witch":1},"minecraft:used":{"minecraft:oak_trapdoor":3,"minecraft:tuff_bricks":1,"minecraft:stone_sword":143,"minecraft:poppy":1,"minecraft:chest":4,"minecraft:shield":14,"minecraft:rotten_flesh":1,"minecraft:cooked_salmon":25,"minecraft:cooked_chicken":6,"minecraft:trial_key":5,"minecraft:torch":7,"minecraft:dirt":4,"minecraft:waxed_copper_grate":1,"minecraft:iron_hoe":60,"minecraft:wooden_axe":30,"minecraft:iron_axe":104,"minecraft:red_candle":4,"minecraft:bow":9,"minecraft:furnace":6,"minecraft:cooked_beef":13,"minecraft:bamboo_planks":5,"minecraft:cooked_mutton":2,"minecraft:water_bucket":11,"minecraft:stone_pickaxe":283,"minecraft:oak_planks":24,"minecraft:wooden_pickaxe":39,"minecraft:salmon":1,"minecraft:crafting_table":7,"minecraft:crossbow":36,"minecraft:white_bed":2,"minecraft:polished_tuff":1,"minecraft:ominous_trial_key":1,"minecraft:wind_charge":23,"minecraft:iron_pickaxe":15,"minecraft:stone_axe":163,"minecraft:wooden_sword":30,"minecraft:potion":1,"minecraft:cooked_porkchop":6,"minecraft:bucket":12,"minecraft:andesite":19,"minecraft:oak_boat":2},"minecraft:picked_up":{"minecraft:iron_chestplate":3,"minecraft:crafting_table":5,"minecraft:chicken":11,"minecraft:gold_block":2,"minecraft:potion":5,"minecraft:shield":3,"minecraft:wind_charge":63,"minecraft:string":12,"minecraft:iron_axe":4,"minecraft:cooked_salmon":86,"minecraft:red_candle":4,"minecraft:cobbled_deepslate":14,"minecraft:bucket":1,"minecraft:beef":78,"minecraft:trial_key":6,"minecraft:poppy":5,"minecraft:light_gray_wool":1,"minecraft:sugar_cane":93,"minecraft:egg":2,"minecraft:tipped_arrow":86,"minecraft:raw_iron":43,"minecraft:stick":3,"minecraft:torch":15,"minecraft:porkchop":71,"minecraft:waxed_copper_grate":1,"minecraft:diorite":4,"minecraft:redstone":10,"minecraft:music_disc_creator_music_box":3,"minecraft:stone_sword":8,"minecraft:arrow":334,"minecraft:honey_bottle":4,"minecraft:rotten_flesh":39,"minecraft:decorated_pot":25,"minecraft:hay_block":54,"minecraft:tuff_bricks":2,"minecraft:mutton":85,"minecraft:white_wool":52,"minecraft:cobblestone":164,"minecraft:stripped_oak_log":2,"minecraft:feather":8,"minecraft:cooked_beef":40,"minecraft:water_bucket":2,"minecraft:salmon":23,"minecraft:andesite":48,"minecraft:leather":23,"minecraft:oak_log":39,"minecraft:waxed_copper_block":6,"minecraft:lily_pad":4,"minecraft:gunpowder":3,"minecraft:lapis_lazuli":57,"minecraft:dirt":23,"minecraft:bone":51,"minecraft:bow":20,"minecraft:wheat_seeds":1,"minecraft:iron_ingot":27,"minecraft:stone_pickaxe":7,"minecraft:emerald_block":3,"minecraft:bamboo_planks":16,"minecraft:pumpkin":13,"minecraft:dandelion":1,"minecraft:gravel":5,"minecraft:sand":7,"minecraft:white_bed":2,"minecraft:spider_eye":13,"minecraft:polished_tuff":2,"minecraft:sugar":4,"minecraft:slime_ball":19,"minecraft:stone_axe":12,"minecraft:crossbow":3,"minecraft:granite":13,"minecraft:breeze_rod":18,"minecraft:bone_meal":1,"minecraft:golden_apple":3,"minecraft:bread":3,"minecraft:emerald":77,"minecraft:music_disc_precipice":1,"minecraft:dark_oak_fence":9,"minecraft:oak_sapling":3,"minecraft:black_wool":3,"minecraft:coal":49,"minecraft:ender_pearl":3},"minecraft:killed":{"minecraft:bogged":2,"minecraft:witch":1,"minecraft:spider":10,"minecraft:slime":22,"minecraft:skeleton":23,"minecraft:chicken":13,"minecraft:pig":21,"minecraft:salmon":25,"minecraft:iron_golem":1,"minecraft:creeper":4,"minecraft:sheep":33,"minecraft:pillager":6,"minecraft:zombie":25,"minecraft:stray":1,"minecraft:breeze":3,"minecraft:cow":20,"minecraft:enderman":2},"minecraft:custom":{"minecraft:mob_kills":215,"minecraft:interact_with_crafting_table":18,"minecraft:open_barrel":9,"minecraft:leave_game":3,"minecraft:time_since_death":59801,"minecraft:climb_one_cm":5433,"minecraft:sprint_one_cm":613343,"minecraft:walk_one_cm":404132,"minecraft:damage_blocked_by_shield":415,"minecraft:drop":51,"minecraft:talked_to_villager":5,"minecraft:play_time":194660,"minecraft:deaths":5,"minecraft:sneak_time":12614,"minecraft:walk_under_water_one_cm":37619,"minecraft:boat_one_cm":134813,"minecraft:jump":2799,"minecraft:walk_on_water_one_cm":43797,"minecraft:total_world_time":194660,"minecraft:interact_with_furnace":71,"minecraft:time_since_rest":59834,"minecraft:damage_taken":4676,"minecraft:damage_dealt":25063,"minecraft:player_kills":1,"minecraft:fly_one_cm":761149,"minecraft:swim_one_cm":116025,"minecraft:open_chest":31,"minecraft:crouch_one_cm":45932,"minecraft:fall_one_cm":89422,"minecraft:inspect_dispenser":4},"minecraft:mined":{"minecraft:white_bed":2,"minecraft:dark_oak_fence":2,"minecraft:granite":13,"minecraft:grass_block":8,"minecraft:decorated_pot":27,"minecraft:spruce_leaves":5,"minecraft:tuff_bricks":1,"minecraft:hay_block":59,"minecraft:waxed_copper_grate":1,"minecraft:iron_ore":38,"minecraft:polished_tuff":1,"minecraft:andesite":17,"minecraft:pumpkin":14,"minecraft:gold_block":2,"minecraft:dirt_path":2,"minecraft:stripped_oak_log":2,"minecraft:stone":156,"minecraft:dandelion":1,"minecraft:powder_snow":13,"minecraft:crafting_table":3,"minecraft:short_grass":11,"minecraft:tall_grass":4,"minecraft:lapis_ore":8,"minecraft:sugar_cane":27,"minecraft:diorite":4,"minecraft:wall_torch":2,"minecraft:seagrass":2,"minecraft:birch_leaves":1,"minecraft:coal_ore":49,"minecraft:oak_log":27,"minecraft:dirt":15,"minecraft:sand":10,"minecraft:gravel":3,"minecraft:oak_leaves":12,"minecraft:deepslate":14}},"DataVersion":3955}