{"stats":{"minecraft:killed_by":{"minecraft:zombie_villager":6,"minecraft:pillager":1,"minecraft:ravager":2,"minecraft:vindicator":2,"minecraft:zombie":2,"minecraft:vex":8,"minecraft:stray":1,"minecraft:evoker":1,"minecraft:creeper":1,"minecraft:blaze":1,"minecraft:witch":1,"minecraft:player":1,"minecraft:iron_golem":1,"minecraft:skeleton":4},"minecraft:dropped":{"minecraft:iron_sword":2,"minecraft:cooked_beef":6,"minecraft:glass_bottle":4,"minecraft:diamond":21,"minecraft:cooked_porkchop":2,"minecraft:crossbow":4,"minecraft:saddle":1,"minecraft:emerald":50,"minecraft:dirt":27,"minecraft:dark_oak_fence":9,"minecraft:wooden_sword":1,"minecraft:sand":5,"minecraft:sugar":2,"minecraft:iron_pickaxe":7,"minecraft:dark_oak_planks":12,"minecraft:white_wool":3,"minecraft:bone":4,"minecraft:sugar_cane":1,"minecraft:cobbled_deepslate":617,"minecraft:wheat":189,"minecraft:rotten_flesh":49,"minecraft:oak_planks":10,"minecraft:white_bed":1,"minecraft:waxed_copper_block":2,"minecraft:salmon":1,"minecraft:wind_charge":12,"minecraft:tipped_arrow":4,"minecraft:red_candle":8,"minecraft:breeze_rod":2,"minecraft:spruce_slab":2,"minecraft:beef":5,"minecraft:stone_brick_stairs":1,"minecraft:lectern":18,"minecraft:iron_ingot":27,"minecraft:enchanted_book":1,"minecraft:wheat_seeds":4,"minecraft:iron_helmet":2,"minecraft:cobblestone":132,"minecraft:book":1031,"minecraft:apple":17,"minecraft:granite":5,"minecraft:coal":1,"minecraft:golden_apple":1,"minecraft:coal_block":12,"minecraft:lava_bucket":2,"minecraft:potion":2,"minecraft:white_banner":5,"minecraft:iron_shovel":2,"minecraft:string":10,"minecraft:spruce_sapling":3,"minecraft:moss_carpet":2,"minecraft:cocoa_beans":4,"minecraft:experience_bottle":193,"minecraft:polished_deepslate_slab":3,"minecraft:iron_boots":3,"minecraft:polished_deepslate_stairs":1,"minecraft:stone":384,"minecraft:spruce_trapdoor":2,"minecraft:spruce_planks":683,"minecraft:diamond_pickaxe":2,"minecraft:spider_eye":5,"minecraft:stone_bricks":110,"minecraft:bamboo":195,"minecraft:bow":13,"minecraft:black_wool":1,"minecraft:diamond_axe":1,"minecraft:baked_potato":1,"minecraft:decorated_pot":61,"minecraft:leather":8,"minecraft:flint":2,"minecraft:mutton":8,"minecraft:gravel":18,"minecraft:diamond_shovel":3,"minecraft:cooked_mutton":6,"minecraft:poppy":4,"minecraft:gunpowder":8,"minecraft:chest":4,"minecraft:iron_bars":4,"minecraft:arrow":32,"minecraft:splash_potion":1,"minecraft:netherrack":332,"minecraft:water_bucket":1,"minecraft:bread":538,"minecraft:cherry_log":4,"minecraft:mossy_cobblestone":1,"minecraft:smithing_table":1,"minecraft:mangrove_propagule":1,"minecraft:polished_tuff":1,"minecraft:stick":285,"minecraft:iron_block":47,"minecraft:diorite":4,"minecraft:torch":6,"minecraft:iron_axe":4,"minecraft:dandelion":1,"minecraft:redstone":13,"minecraft:polished_deepslate":38,"minecraft:sweet_berries":5,"minecraft:warped_nylium":2,"minecraft:oak_trapdoor":1,"minecraft:coarse_dirt":1,"minecraft:raw_copper":28,"minecraft:tuff":72,"minecraft:light_gray_wool":1,"minecraft:totem_of_undying":1,"minecraft:filled_map":2,"minecraft:muddy_mangrove_roots":1,"minecraft:shield":1,"minecraft:trial_key":3,"minecraft:diamond_chestplate":1,"minecraft:orange_terracotta":1,"minecraft:iron_chestplate":2,"minecraft:andesite":31,"minecraft:oak_boat":3,"minecraft:oak_sapling":1,"minecraft:spruce_log":80,"minecraft:stone_pickaxe":1,"minecraft:wooden_pickaxe":1,"minecraft:calcite":1},"minecraft:mined":{"minecraft:dark_oak_planks":2,"minecraft:white_bed":24,"minecraft:cherry_log":25,"minecraft:obsidian":47,"minecraft:granite":222,"minecraft:jungle_log":15,"minecraft:hopper":2,"minecraft:oak_wall_sign":1,"minecraft:nether_wart":56,"minecraft:fire":2,"minecraft:pumpkin":14,"minecraft:fletching_table":27,"minecraft:deepslate_lapis_ore":3,"minecraft:polished_deepslate_slab":78,"minecraft:oak_sign":8,"minecraft:dirt_path":38,"minecraft:brown_mushroom":1,"minecraft:powder_snow":13,"minecraft:torch":20,"minecraft:blast_furnace":21,"minecraft:spruce_wall_sign":1,"minecraft:glass":11,"minecraft:sugar_cane":28,"minecraft:chain":5,"minecraft:mud":24,"minecraft:stone_brick_stairs":5,"minecraft:mangrove_log":12,"minecraft:red_mushroom_block":80,"minecraft:piston":5,"minecraft:deepslate":507,"minecraft:mossy_cobblestone":1,"minecraft:dark_oak_log":99,"minecraft:nether_bricks":2,"minecraft:dark_oak_fence":2,"minecraft:redstone_wire":5,"minecraft:cartography_table":17,"minecraft:cherry_wall_sign":4,"minecraft:waxed_copper_grate":1,"minecraft:andesite":394,"minecraft:cobblestone_slab":4,"minecraft:vine":4,"minecraft:bamboo_sapling":7,"minecraft:bamboo":94,"minecraft:bone_block":4,"minecraft:smithing_table":6,"minecraft:glass_pane":2,"minecraft:soul_sand":68,"minecraft:stone_brick_slab":1,"minecraft:observer":6,"minecraft:dandelion":1,"minecraft:short_grass":23,"minecraft:sponge":4,"minecraft:tall_grass":5,"minecraft:copper_ore":15,"minecraft:deepslate_gold_ore":39,"minecraft:diorite":42,"minecraft:spruce_log":43,"minecraft:birch_leaves":1,"minecraft:mangrove_leaves":8,"minecraft:gravel":69,"minecraft:cobweb":22,"minecraft:polished_blackstone":14,"minecraft:stone_bricks":193,"minecraft:chipped_anvil":1,"minecraft:fern":3,"minecraft:spruce_planks":6,"minecraft:cobblestone_stairs":1,"minecraft:brewing_stand":6,"minecraft:spruce_trapdoor":5,"minecraft:grass_block":75,"minecraft:soul_soil":66,"minecraft:tuff_bricks":11,"minecraft:iron_ore":39,"minecraft:polished_tuff":1,"minecraft:anvil":2,"minecraft:iron_bars":120,"minecraft:deepslate_redstone_ore":45,"minecraft:polished_deepslate_stairs":30,"minecraft:orange_terracotta":1,"minecraft:calcite":1,"minecraft:chest":15,"minecraft:mushroom_stem":5,"minecraft:nether_quartz_ore":117,"minecraft:cobblestone":145,"minecraft:grindstone":2,"minecraft:oak_planks":1,"minecraft:wall_torch":87,"minecraft:spruce_wall_hanging_sign":4,"minecraft:seagrass":2,"minecraft:warped_nylium":1,"minecraft:red_candle":4,"minecraft:light_gray_wool":3,"minecraft:oak_log":44,"minecraft:waxed_oxidized_copper":3,"minecraft:sand":581,"minecraft:dirt":244,"minecraft:netherrack":724,"minecraft:oak_leaves":24,"minecraft:nether_gold_ore":1,"minecraft:diamond_ore":26,"minecraft:tuff":36,"minecraft:deepslate_diamond_ore":30,"minecraft:mangrove_roots":17,"minecraft:decorated_pot":64,"minecraft:spruce_leaves":8,"minecraft:mangrove_propagule":4,"minecraft:large_fern":4,"minecraft:hay_block":95,"minecraft:oak_trapdoor":3,"minecraft:furnace":8,"minecraft:stripped_spruce_log":2,"minecraft:gold_block":3,"minecraft:polished_deepslate":397,"minecraft:bookshelf":220,"minecraft:deepslate_iron_ore":2,"minecraft:lantern":8,"minecraft:stripped_oak_log":2,"minecraft:wet_sponge":73,"minecraft:stone":2386,"minecraft:basalt":31,"minecraft:oak_fence":3,"minecraft:crafting_table":11,"minecraft:lectern":806,"minecraft:lapis_ore":16,"minecraft:sweet_berry_bush":16,"minecraft:muddy_mangrove_roots":1,"minecraft:coal_ore":137},"minecraft:used":{"minecraft:tuff_bricks":1,"minecraft:spruce_slab":79,"minecraft:dispenser":2,"minecraft:polished_blackstone":14,"minecraft:poppy":1,"minecraft:chest":197,"minecraft:stone":182,"minecraft:rotten_flesh":9,"minecraft:soul_sand":43,"minecraft:spruce_boat":1,"minecraft:lava_bucket":3,"minecraft:villager_spawn_egg":36,"minecraft:grass_block":325,"minecraft:stone_brick_stairs":155,"minecraft:bow":740,"minecraft:ominous_bottle":2,"minecraft:furnace":16,"minecraft:diorite":37,"minecraft:wooden_pickaxe":39,"minecraft:jungle_boat":1,"minecraft:sand":8,"minecraft:blast_furnace":41,"minecraft:lectern":815,"minecraft:cherry_sign":14,"minecraft:diamond_ore":25,"minecraft:cat_spawn_egg":4,"minecraft:wooden_sword":30,"minecraft:smithing_table":10,"minecraft:oak_boat":8,"minecraft:oak_trapdoor":3,"minecraft:iron_bars":181,"minecraft:enchanting_table":1,"minecraft:stone_sword":157,"minecraft:cooked_salmon":25,"minecraft:trial_key":17,"minecraft:netherrack":134,"minecraft:torch":695,"minecraft:brewing_stand":8,"minecraft:anvil":6,"minecraft:chipped_anvil":1,"minecraft:iron_axe":1797,"minecraft:jungle_log":3,"minecraft:spawner":1,"minecraft:totem_of_undying":1,"minecraft:bamboo":494,"minecraft:diamond_chestplate":2,"minecraft:cobbled_deepslate":11,"minecraft:observer":40,"minecraft:cherry_log":23,"minecraft:water_bucket":325,"minecraft:cartography_table":21,"minecraft:cauldron":2,"minecraft:fletching_table":31,"minecraft:spruce_fence_gate":2,"minecraft:salmon":1,"minecraft:polished_deepslate_slab":129,"minecraft:comparator":2,"minecraft:crafting_table":32,"minecraft:white_bed":45,"minecraft:cake":1,"minecraft:spruce_log":539,"minecraft:oak_log":5,"minecraft:diamond_pickaxe":470,"minecraft:warped_trapdoor":36,"minecraft:ominous_trial_key":2,"minecraft:diamond_shovel":517,"minecraft:wind_charge":23,"minecraft:iron_pickaxe":5318,"minecraft:spruce_trapdoor":85,"minecraft:spruce_sapling":10,"minecraft:cobblestone":399,"minecraft:potion":4,"minecraft:purple_bed":2,"minecraft:cooked_porkchop":87,"minecraft:kelp":94,"minecraft:cherry_sapling":2,"minecraft:iron_shovel":315,"minecraft:polished_deepslate":7049,"minecraft:oak_sign":12,"minecraft:shield":26,"minecraft:zombie_spawn_egg":63,"minecraft:iron_sword":1195,"minecraft:nether_wart":72,"minecraft:iron_chestplate":2,"minecraft:waxed_copper_grate":1,"minecraft:obsidian":30,"minecraft:polished_deepslate_stairs":141,"minecraft:glass":141,"minecraft:lantern":69,"minecraft:iron_helmet":2,"minecraft:stone_bricks":2184,"minecraft:item_frame":10,"minecraft:spruce_hanging_sign":4,"minecraft:repeater":2,"minecraft:stone_pickaxe":318,"minecraft:gray_carpet":2,"minecraft:oak_planks":24,"minecraft:sugar_cane":51,"minecraft:diamond_axe":1,"minecraft:crossbow":46,"minecraft:sponge":169,"minecraft:stone_brick_wall":6,"minecraft:creeper_spawn_egg":1,"minecraft:polished_tuff":1,"minecraft:redstone_torch":1,"minecraft:lever":1,"minecraft:bread":116,"minecraft:deepslate":97,"minecraft:gravel":39,"minecraft:grindstone":6,"minecraft:andesite":70,"minecraft:chain":54,"minecraft:experience_bottle":4318,"minecraft:trident":36,"minecraft:flint_and_steel":1,"minecraft:redstone":58,"minecraft:zombie_villager_spawn_egg":13,"minecraft:spruce_planks":6,"minecraft:cooked_chicken":12,"minecraft:dirt":684,"minecraft:white_carpet":8,"minecraft:hopper":16,"minecraft:spruce_fence":12,"minecraft:iron_hoe":60,"minecraft:stone_brick_slab":16,"minecraft:wooden_axe":30,"minecraft:bookshelf":65,"minecraft:red_candle":4,"minecraft:iron_boots":1,"minecraft:golden_carrot":1,"minecraft:cooked_beef":35,"minecraft:bamboo_planks":5,"minecraft:iron_leggings":3,"minecraft:cooked_mutton":14,"minecraft:glass_bottle":6,"minecraft:baked_potato":4,"minecraft:spruce_sign":19,"minecraft:cobblestone_slab":2,"minecraft:glow_item_frame":40,"minecraft:painting":19,"minecraft:smoker":10,"minecraft:piston":37,"minecraft:stone_axe":163,"minecraft:bucket":466,"minecraft:splash_potion":17},"minecraft:custom":{"minecraft:interact_with_crafting_table":160,"minecraft:open_barrel":19,"minecraft:eat_cake_slice":3,"minecraft:leave_game":14,"minecraft:time_since_death":539697,"minecraft:damage_blocked_by_shield":1355,"minecraft:play_time":2334434,"minecraft:deaths":33,"minecraft:jump":15337,"minecraft:enchant_item":78,"minecraft:interact_with_furnace":297,"minecraft:traded_with_villager":632,"minecraft:interact_with_cartography_table":7,"minecraft:sleep_in_bed":46,"minecraft:damage_dealt":83065,"minecraft:interact_with_smoker":23,"minecraft:use_cauldron":6,"minecraft:inspect_dispenser":26,"minecraft:interact_with_smithing_table":1,"minecraft:interact_with_anvil":41,"minecraft:inspect_hopper":7,"minecraft:sneak_time":108130,"minecraft:interact_with_blast_furnace":105,"minecraft:total_world_time":2334434,"minecraft:time_since_rest":64615,"minecraft:swim_one_cm":322411,"minecraft:fly_one_cm":4484740,"minecraft:open_chest":1979,"minecraft:fall_one_cm":256276,"minecraft:animals_bred":3,"minecraft:sprint_one_cm":3724239,"minecraft:drop":496,"minecraft:talked_to_villager":1299,"minecraft:interact_with_brewingstand":17,"minecraft:walk_on_water_one_cm":358224,"minecraft:player_kills":3,"minecraft:crouch_one_cm":533082,"minecraft:mob_kills":1357,"minecraft:fill_cauldron":4,"minecraft:climb_one_cm":27399,"minecraft:walk_one_cm":5725835,"minecraft:raid_win":1,"minecraft:walk_under_water_one_cm":564287,"minecraft:boat_one_cm":470165,"minecraft:raid_trigger":2,"minecraft:interact_with_grindstone":77,"minecraft:damage_taken":25910,"minecraft:damage_absorbed":51},"minecraft:broken":{"minecraft:iron_boots":1,"minecraft:iron_leggings":1,"minecraft:iron_sword":3,"minecraft:iron_axe":8,"minecraft:iron_pickaxe":12,"minecraft:iron_helmet":1,"minecraft:stone_pickaxe":2,"minecraft:stone_axe":2,"minecraft:wooden_axe":1},"minecraft:crafted":{"minecraft:blaze_powder":8,"minecraft:diamond_shovel":1,"minecraft:bookshelf":199,"minecraft:cooked_mutton":17,"minecraft:iron_bars":16,"minecraft:glass":64,"minecraft:quartz_block":45,"minecraft:diamond_helmet":3,"minecraft:diamond_leggings":2,"minecraft:polished_blackstone":64,"minecraft:glass_bottle":6,"minecraft:emerald":271,"minecraft:cooked_porkchop":80,"minecraft:glow_item_frame":32,"minecraft:jungle_boat":1,"minecraft:fletching_table":5,"minecraft:polished_deepslate_slab":30,"minecraft:painting":1,"minecraft:cartography_table":3,"minecraft:stone_brick_stairs":60,"minecraft:lectern":4,"minecraft:stone_slab":6,"minecraft:compass":105,"minecraft:iron_pickaxe":15,"minecraft:iron_block":114,"minecraft:gold_ingot":98,"minecraft:spruce_fence_gate":2,"minecraft:polished_deepslate_stairs":16,"minecraft:red_banner":8,"minecraft:lantern":27,"minecraft:spruce_slab":12,"minecraft:stone_pickaxe":4,"minecraft:diamond_boots":2,"minecraft:spruce_boat":1,"minecraft:redstone_block":26,"minecraft:dark_oak_planks":352,"minecraft:wheat":803,"minecraft:coal_block":47,"minecraft:crossbow":20,"minecraft:enchanting_table":1,"minecraft:enchanted_book":73,"minecraft:golden_apple":4,"minecraft:fermented_spider_eye":2,"minecraft:wooden_axe":1,"minecraft:iron_shovel":2,"minecraft:iron_leggings":3,"minecraft:white_bed":2,"minecraft:grindstone":2,"minecraft:oak_planks":144,"minecraft:cobblestone_slab":6,"minecraft:cooked_chicken":6,"minecraft:stone":560,"minecraft:hopper":2,"minecraft:stone_brick_slab":12,"minecraft:bow":17,"minecraft:iron_boots":5,"minecraft:chest":100,"minecraft:stone_bricks":720,"minecraft:item_frame":32,"minecraft:oak_slab":6,"minecraft:arrow":432,"minecraft:cauldron":2,"minecraft:map":31,"minecraft:crafting_table":16,"minecraft:spruce_planks":2692,"minecraft:wooden_pickaxe":1,"minecraft:iron_helmet":3,"minecraft:spruce_trapdoor":10,"minecraft:iron_chestplate":1,"minecraft:paper":453,"minecraft:diamond_pickaxe":1,"minecraft:shield":4,"minecraft:stick":5182,"minecraft:iron_ingot":309,"minecraft:stone_sword":3,"minecraft:sponge":49,"minecraft:shears":1,"minecraft:wooden_sword":1,"minecraft:furnace":6,"minecraft:piston":48,"minecraft:cherry_sapling":2,"minecraft:glass_pane":160,"minecraft:oak_trapdoor":4,"minecraft:polished_deepslate":511,"minecraft:iron_axe":7,"minecraft:iron_hoe":1,"minecraft:filled_map":65,"minecraft:observer":48,"minecraft:cooked_beef":50,"minecraft:diamond_sword":4,"minecraft:iron_sword":5,"minecraft:cooked_salmon":22,"minecraft:stone_axe":3,"minecraft:air":0,"minecraft:bread":270,"minecraft:jungle_planks":48,"minecraft:oak_boat":3,"minecraft:torch":12,"minecraft:lapis_lazuli":271,"minecraft:diamond_chestplate":1},"minecraft:picked_up":{"minecraft:iron_chestplate":24,"minecraft:chainmail_boots":1,"minecraft:anvil":2,"minecraft:smithing_table":8,"minecraft:lead":1,"minecraft:enchanted_book":3,"minecraft:brewing_stand":6,"minecraft:polished_deepslate":817,"minecraft:string":70,"minecraft:soul_soil":128,"minecraft:cooked_salmon":86,"minecraft:gold_nugget":5,"minecraft:cobbled_deepslate":714,"minecraft:spruce_planks":386,"minecraft:trial_key":24,"minecraft:mangrove_log":11,"minecraft:golden_helmet":1,"minecraft:cherry_log":27,"minecraft:waxed_copper_grate":1,"minecraft:warped_planks":128,"minecraft:golden_chestplate":1,"minecraft:stone_sword":8,"minecraft:honey_bottle":4,"minecraft:iron_block":1,"minecraft:bookshelf":357,"minecraft:blaze_rod":11,"minecraft:iron_bars":129,"minecraft:sponge":4,"minecraft:dune_armor_trim_smithing_template":5,"minecraft:feather":8,"minecraft:cooked_beef":217,"minecraft:water_bucket":13,"minecraft:jungle_log":15,"minecraft:flint":11,"minecraft:map":1,"minecraft:lantern":9,"minecraft:chipped_anvil":1,"minecraft:stripped_spruce_log":2,"minecraft:dark_oak_log":88,"minecraft:iron_hoe":1,"minecraft:granite":175,"minecraft:bread":2506,"minecraft:music_disc_precipice":1,"minecraft:dark_oak_fence":9,"minecraft:diamond_pickaxe":19,"minecraft:mud":24,"minecraft:crafting_table":13,"minecraft:coarse_dirt":1,"minecraft:ominous_bottle":5,"minecraft:nether_wart":169,"minecraft:leather_leggings":1,"minecraft:wind_charge":87,"minecraft:compass":4,"minecraft:iron_shovel":17,"minecraft:cartography_table":21,"minecraft:beef":93,"minecraft:poppy":13,"minecraft:chest":26,"minecraft:piston":5,"minecraft:egg":24,"minecraft:polished_deepslate_slab":99,"minecraft:stone":192,"minecraft:carrot":1,"minecraft:redstone":442,"minecraft:music_disc_creator_music_box":3,"minecraft:diamond_chestplate":5,"minecraft:decorated_pot":62,"minecraft:hay_block":90,"minecraft:flow_armor_trim_smithing_template":1,"minecraft:gold_ingot":9,"minecraft:totem_of_undying":16,"minecraft:polished_blackstone":14,"minecraft:tuff_bricks":2,"minecraft:mutton":109,"minecraft:bone_block":4,"minecraft:white_wool":57,"minecraft:stripped_oak_log":2,"minecraft:red_mushroom":85,"minecraft:filled_map":14,"minecraft:oak_log":55,"minecraft:lily_pad":11,"minecraft:golden_boots":2,"minecraft:blue_bed":1,"minecraft:paper":1,"minecraft:white_banner":26,"minecraft:apple":54,"minecraft:stone_bricks":281,"minecraft:kelp":1,"minecraft:stone_pickaxe":7,"minecraft:cherry_sign":4,"minecraft:iron_sword":55,"minecraft:sweet_berries":45,"minecraft:gravel":62,"minecraft:spruce_sapling":9,"minecraft:spruce_log":664,"minecraft:polished_tuff":2,"minecraft:diamond_shovel":8,"minecraft:purple_bed":1,"minecraft:slime_ball":19,"minecraft:stone_axe":12,"minecraft:diamond_axe":3,"minecraft:painting":18,"minecraft:baked_potato":5,"minecraft:warped_nylium":2,"minecraft:mangrove_propagule":4,"minecraft:hopper":6,"minecraft:ender_pearl":10,"minecraft:wheat":22,"minecraft:potion":10,"minecraft:stone_brick_stairs":4,"minecraft:lapis_block":5,"minecraft:raw_copper":126,"minecraft:iron_leggings":21,"minecraft:red_candle":12,"minecraft:experience_bottle":210,"minecraft:oak_sign":23,"minecraft:bucket":37,"minecraft:cobblestone_slab":2,"minecraft:calcite":1,"minecraft:iron_pickaxe":139,"minecraft:furnace":8,"minecraft:iron_boots":24,"minecraft:tipped_arrow":506,"minecraft:stick":334,"minecraft:polished_deepslate_stairs":31,"minecraft:oak_fence":3,"minecraft:torch":542,"minecraft:porkchop":71,"minecraft:diorite":21,"minecraft:quartz_block":45,"minecraft:rotten_flesh":261,"minecraft:mangrove_roots":16,"minecraft:spruce_hanging_sign":4,"minecraft:obsidian":45,"minecraft:cobblestone":2767,"minecraft:leather_chestplate":1,"minecraft:muddy_mangrove_roots":1,"minecraft:andesite":297,"minecraft:golden_leggings":1,"minecraft:tuff":72,"minecraft:lapis_lazuli":116,"minecraft:dirt":489,"minecraft:name_tag":9,"minecraft:leather_boots":1,"minecraft:glass":45,"minecraft:bone":157,"minecraft:bow":52,"minecraft:wheat_seeds":8,"minecraft:raw_gold":88,"minecraft:grindstone":2,"minecraft:fletching_table":27,"minecraft:bamboo":2750,"minecraft:oak_planks":9,"minecraft:cooked_porkchop":728,"minecraft:sand":915,"minecraft:jungle_planks":69,"minecraft:grass_block":1,"minecraft:mossy_cobblestone":1,"minecraft:sugar":8,"minecraft:diamond":176,"minecraft:crossbow":15,"minecraft:breeze_rod":33,"minecraft:bone_meal":1,"minecraft:golden_apple":25,"minecraft:spruce_sign":3,"minecraft:emerald":263,"minecraft:oak_sapling":18,"minecraft:netherrack":589,"minecraft:cocoa_beans":4,"minecraft:splash_potion":5,"minecraft:chicken":11,"minecraft:brown_mushroom":8,"minecraft:stone_brick_wall":18,"minecraft:gold_block":6,"minecraft:diamond_horse_armor":2,"minecraft:chain":4,"minecraft:shield":28,"minecraft:oak_trapdoor":4,"minecraft:moss_carpet":2,"minecraft:iron_axe":58,"minecraft:item_frame":10,"minecraft:blackstone":64,"minecraft:oak_boat":14,"minecraft:observer":6,"minecraft:light_gray_wool":2,"minecraft:lectern":826,"minecraft:sugar_cane":118,"minecraft:spruce_trapdoor":7,"minecraft:phantom_membrane":7,"minecraft:raw_iron":44,"minecraft:trident":9,"minecraft:iron_horse_armor":2,"minecraft:dark_oak_planks":2,"minecraft:arrow":2680,"minecraft:nether_bricks":4,"minecraft:saddle":13,"minecraft:wet_sponge":73,"minecraft:golden_carrot":10,"minecraft:salmon":177,"minecraft:leather":47,"minecraft:chainmail_chestplate":1,"minecraft:waxed_copper_block":7,"minecraft:gunpowder":32,"minecraft:cobblestone_wall":1,"minecraft:orange_terracotta":1,"minecraft:cooked_mutton":99,"minecraft:iron_ingot":123,"minecraft:cooked_chicken":6,"minecraft:soul_sand":129,"minecraft:book":1575,"minecraft:scaffolding":12,"minecraft:emerald_block":4,"minecraft:bamboo_planks":16,"minecraft:pumpkin":13,"minecraft:stone_brick_slab":2,"minecraft:quartz":251,"minecraft:dandelion":1,"minecraft:lava_bucket":17,"minecraft:blast_furnace":21,"minecraft:white_bed":26,"minecraft:spider_eye":23,"minecraft:iron_helmet":22,"minecraft:black_wool":3,"minecraft:coal":863},"minecraft:killed":{"minecraft:skeleton":89,"minecraft:chicken":15,"minecraft:magma_cube":23,"minecraft:salmon":25,"minecraft:iron_golem":5,"minecraft:pillager":55,"minecraft:zombie":722,"minecraft:cow":23,"minecraft:evoker":10,"minecraft:vindicator":34,"minecraft:ravager":6,"minecraft:breeze":10,"minecraft:enderman":6,"minecraft:witch":10,"minecraft:spider":49,"minecraft:silverfish":15,"minecraft:piglin":4,"minecraft:pig":21,"minecraft:zombie_villager":3,"minecraft:creeper":29,"minecraft:sheep":38,"minecraft:stray":10,"minecraft:blaze":22,"minecraft:vex":19,"minecraft:bogged":7,"minecraft:slime":22,"minecraft:phantom":5,"minecraft:drowned":1,"minecraft:bat":1,"minecraft:wither_skeleton":5,"minecraft:villager":38}},"DataVersion":3955}