{"stats":{"minecraft:dropped":{"minecraft:iron_sword":2,"minecraft:cooked_beef":6,"minecraft:glass_bottle":2,"minecraft:diamond":21,"minecraft:cooked_porkchop":2,"minecraft:decorated_pot":41,"minecraft:crossbow":4,"minecraft:flint":1,"minecraft:emerald":35,"minecraft:dirt":17,"minecraft:dark_oak_fence":9,"minecraft:wooden_sword":1,"minecraft:sugar":2,"minecraft:iron_pickaxe":7,"minecraft:white_wool":3,"minecraft:gravel":10,"minecraft:cobbled_deepslate":414,"minecraft:rotten_flesh":7,"minecraft:oak_planks":2,"minecraft:cooked_mutton":6,"minecraft:white_bed":1,"minecraft:salmon":1,"minecraft:waxed_copper_block":2,"minecraft:wind_charge":7,"minecraft:poppy":4,"minecraft:tipped_arrow":2,"minecraft:gunpowder":2,"minecraft:breeze_rod":2,"minecraft:iron_bars":3,"minecraft:arrow":32,"minecraft:stone_brick_stairs":1,"minecraft:splash_potion":1,"minecraft:netherrack":332,"minecraft:lectern":3,"minecraft:bread":474,"minecraft:enchanted_book":1,"minecraft:iron_ingot":27,"minecraft:wheat_seeds":4,"minecraft:smithing_table":1,"minecraft:iron_helmet":2,"minecraft:cobblestone":107,"minecraft:polished_tuff":1,"minecraft:apple":7,"minecraft:granite":5,"minecraft:golden_apple":1,"minecraft:stick":259,"minecraft:lava_bucket":1,"minecraft:torch":4,"minecraft:potion":1,"minecraft:white_banner":5,"minecraft:iron_axe":2,"minecraft:iron_shovel":1,"minecraft:spruce_sapling":3,"minecraft:dandelion":1,"minecraft:redstone":13,"minecraft:polished_deepslate":35,"minecraft:sweet_berries":5,"minecraft:warped_nylium":2,"minecraft:oak_trapdoor":1,"minecraft:coarse_dirt":1,"minecraft:raw_copper":7,"minecraft:tuff":72,"minecraft:polished_deepslate_slab":3,"minecraft:iron_boots":3,"minecraft:polished_deepslate_stairs":1,"minecraft:stone":64,"minecraft:shield":1,"minecraft:trial_key":3,"minecraft:diamond_chestplate":1,"minecraft:spruce_trapdoor":2,"minecraft:spruce_planks":69,"minecraft:iron_chestplate":1,"minecraft:andesite":12,"minecraft:oak_boat":3,"minecraft:oak_sapling":1,"minecraft:spider_eye":3,"minecraft:stone_bricks":110,"minecraft:spruce_log":16,"minecraft:bow":13,"minecraft:stone_pickaxe":1,"minecraft:wooden_pickaxe":1,"minecraft:calcite":1,"minecraft:black_wool":1},"minecraft:custom":{"minecraft:interact_with_crafting_table":116,"minecraft:open_barrel":11,"minecraft:eat_cake_slice":3,"minecraft:leave_game":8,"minecraft:time_since_death":214845,"minecraft:sprint_one_cm":2132622,"minecraft:damage_blocked_by_shield":475,"minecraft:drop":275,"minecraft:talked_to_villager":472,"minecraft:play_time":1228541,"minecraft:deaths":20,"minecraft:jump":8257,"minecraft:interact_with_brewingstand":17,"minecraft:walk_on_water_one_cm":112833,"minecraft:enchant_item":9,"minecraft:interact_with_furnace":197,"minecraft:traded_with_villager":201,"minecraft:sleep_in_bed":27,"minecraft:damage_dealt":51770,"minecraft:player_kills":2,"minecraft:crouch_one_cm":312416,"minecraft:interact_with_smoker":22,"minecraft:use_cauldron":6,"minecraft:inspect_dispenser":4,"minecraft:interact_with_smithing_table":1,"minecraft:interact_with_anvil":8,"minecraft:mob_kills":431,"minecraft:inspect_hopper":2,"minecraft:fill_cauldron":4,"minecraft:climb_one_cm":13790,"minecraft:walk_one_cm":3620378,"minecraft:sneak_time":61906,"minecraft:walk_under_water_one_cm":98432,"minecraft:boat_one_cm":374182,"minecraft:interact_with_blast_furnace":86,"minecraft:total_world_time":1228541,"minecraft:raid_trigger":1,"minecraft:interact_with_grindstone":7,"minecraft:time_since_rest":126182,"minecraft:damage_taken":13173,"minecraft:swim_one_cm":133257,"minecraft:fly_one_cm":1922570,"minecraft:open_chest":1153,"minecraft:fall_one_cm":142909},"minecraft:killed_by":{"minecraft:zombie_villager":6,"minecraft:pillager":1,"minecraft:ravager":1,"minecraft:vindicator":2,"minecraft:blaze":1,"minecraft:witch":1,"minecraft:vex":2,"minecraft:player":1,"minecraft:stray":1,"minecraft:iron_golem":1,"minecraft:skeleton":3},"minecraft:mined":{"minecraft:spruce_planks":6,"minecraft:white_bed":24,"minecraft:brewing_stand":6,"minecraft:obsidian":47,"minecraft:spruce_trapdoor":5,"minecraft:granite":221,"minecraft:grass_block":46,"minecraft:soul_soil":66,"minecraft:hopper":2,"minecraft:oak_wall_sign":1,"minecraft:nether_wart":20,"minecraft:tuff_bricks":11,"minecraft:iron_ore":39,"minecraft:fire":2,"minecraft:polished_tuff":1,"minecraft:pumpkin":14,"minecraft:anvil":2,"minecraft:fletching_table":18,"minecraft:dirt_path":19,"minecraft:oak_sign":8,"minecraft:polished_deepslate_slab":40,"minecraft:iron_bars":60,"minecraft:deepslate_redstone_ore":18,"minecraft:polished_deepslate_stairs":30,"minecraft:powder_snow":13,"minecraft:torch":10,"minecraft:blast_furnace":21,"minecraft:calcite":1,"minecraft:chest":14,"minecraft:glass":10,"minecraft:nether_quartz_ore":117,"minecraft:cobblestone":80,"minecraft:grindstone":2,"minecraft:sugar_cane":28,"minecraft:wall_torch":82,"minecraft:seagrass":2,"minecraft:chain":5,"minecraft:warped_nylium":1,"minecraft:stone_brick_stairs":3,"minecraft:oak_log":37,"minecraft:waxed_oxidized_copper":3,"minecraft:sand":96,"minecraft:dirt":187,"minecraft:piston":5,"minecraft:deepslate":329,"minecraft:netherrack":724,"minecraft:oak_leaves":14,"minecraft:nether_gold_ore":1,"minecraft:tuff":36,"minecraft:deepslate_diamond_ore":10,"minecraft:dark_oak_fence":2,"minecraft:nether_bricks":2,"minecraft:decorated_pot":42,"minecraft:spruce_leaves":8,"minecraft:large_fern":4,"minecraft:hay_block":59,"minecraft:oak_trapdoor":3,"minecraft:furnace":8,"minecraft:waxed_copper_grate":1,"minecraft:andesite":365,"minecraft:stripped_spruce_log":2,"minecraft:gold_block":2,"minecraft:polished_deepslate":274,"minecraft:bookshelf":10,"minecraft:cobblestone_slab":2,"minecraft:lantern":8,"minecraft:stripped_oak_log":2,"minecraft:stone":2350,"minecraft:bone_block":4,"minecraft:smithing_table":6,"minecraft:soul_sand":68,"minecraft:basalt":31,"minecraft:observer":4,"minecraft:dandelion":1,"minecraft:oak_fence":3,"minecraft:crafting_table":11,"minecraft:short_grass":12,"minecraft:lectern":276,"minecraft:copper_ore":15,"minecraft:tall_grass":4,"minecraft:deepslate_gold_ore":10,"minecraft:lapis_ore":15,"minecraft:diorite":38,"minecraft:sweet_berry_bush":16,"minecraft:spruce_log":43,"minecraft:birch_leaves":1,"minecraft:coal_ore":131,"minecraft:gravel":53,"minecraft:cobweb":22,"minecraft:polished_blackstone":14,"minecraft:stone_bricks":193,"minecraft:chipped_anvil":1},"minecraft:picked_up":{"minecraft:iron_chestplate":15,"minecraft:anvil":2,"minecraft:smithing_table":8,"minecraft:potion":6,"minecraft:enchanted_book":1,"minecraft:stone_brick_stairs":3,"minecraft:brewing_stand":6,"minecraft:polished_deepslate":693,"minecraft:string":53,"minecraft:soul_soil":128,"minecraft:raw_copper":84,"minecraft:cooked_salmon":86,"minecraft:iron_leggings":13,"minecraft:red_candle":4,"minecraft:oak_sign":23,"minecraft:gold_nugget":5,"minecraft:cobbled_deepslate":497,"minecraft:bucket":18,"minecraft:spruce_planks":78,"minecraft:trial_key":13,"minecraft:cobblestone_slab":2,"minecraft:calcite":1,"minecraft:iron_pickaxe":93,"minecraft:iron_boots":13,"minecraft:furnace":8,"minecraft:tipped_arrow":275,"minecraft:stick":283,"minecraft:oak_fence":3,"minecraft:polished_deepslate_stairs":31,"minecraft:torch":446,"minecraft:porkchop":71,"minecraft:waxed_copper_grate":1,"minecraft:diorite":16,"minecraft:warped_planks":128,"minecraft:quartz_block":45,"minecraft:stone_sword":8,"minecraft:honey_bottle":4,"minecraft:rotten_flesh":109,"minecraft:blaze_rod":11,"minecraft:obsidian":45,"minecraft:iron_bars":71,"minecraft:cobblestone":2439,"minecraft:feather":8,"minecraft:cooked_beef":191,"minecraft:water_bucket":7,"minecraft:andesite":267,"minecraft:flint":3,"minecraft:tuff":72,"minecraft:lapis_lazuli":64,"minecraft:dirt":220,"minecraft:lantern":9,"minecraft:name_tag":9,"minecraft:bone":87,"minecraft:chipped_anvil":1,"minecraft:bow":40,"minecraft:wheat_seeds":7,"minecraft:raw_gold":27,"minecraft:grindstone":2,"minecraft:fletching_table":18,"minecraft:cooked_porkchop":607,"minecraft:sand":110,"minecraft:stripped_spruce_log":2,"minecraft:iron_hoe":1,"minecraft:sugar":8,"minecraft:diamond":70,"minecraft:granite":150,"minecraft:crossbow":14,"minecraft:breeze_rod":18,"minecraft:bone_meal":1,"minecraft:golden_apple":8,"minecraft:emerald":127,"minecraft:bread":1509,"minecraft:music_disc_precipice":1,"minecraft:oak_sapling":3,"minecraft:netherrack":589,"minecraft:dark_oak_fence":9,"minecraft:diamond_pickaxe":5,"minecraft:coarse_dirt":1,"minecraft:crafting_table":13,"minecraft:ominous_bottle":5,"minecraft:splash_potion":5,"minecraft:chicken":11,"minecraft:nether_wart":58,"minecraft:brown_mushroom":2,"minecraft:stone_brick_wall":18,"minecraft:gold_block":2,"minecraft:diamond_horse_armor":2,"minecraft:chain":4,"minecraft:shield":11,"minecraft:wind_charge":82,"minecraft:oak_trapdoor":4,"minecraft:iron_axe":32,"minecraft:item_frame":10,"minecraft:iron_shovel":16,"minecraft:blackstone":64,"minecraft:beef":78,"minecraft:oak_boat":4,"minecraft:observer":4,"minecraft:poppy":12,"minecraft:light_gray_wool":1,"minecraft:lectern":281,"minecraft:sugar_cane":117,"minecraft:chest":14,"minecraft:piston":5,"minecraft:spruce_trapdoor":7,"minecraft:egg":2,"minecraft:raw_iron":44,"minecraft:polished_deepslate_slab":60,"minecraft:stone":192,"minecraft:redstone":276,"minecraft:music_disc_creator_music_box":3,"minecraft:arrow":1793,"minecraft:diamond_chestplate":2,"minecraft:decorated_pot":42,"minecraft:nether_bricks":4,"minecraft:hay_block":54,"minecraft:flow_armor_trim_smithing_template":1,"minecraft:saddle":10,"minecraft:gold_ingot":9,"minecraft:totem_of_undying":3,"minecraft:polished_blackstone":14,"minecraft:tuff_bricks":2,"minecraft:mutton":85,"minecraft:bone_block":4,"minecraft:white_wool":52,"minecraft:stripped_oak_log":2,"minecraft:salmon":24,"minecraft:leather":23,"minecraft:oak_log":49,"minecraft:waxed_copper_block":7,"minecraft:lily_pad":11,"minecraft:cobblestone_wall":1,"minecraft:gunpowder":13,"minecraft:blue_bed":1,"minecraft:white_banner":22,"minecraft:cooked_mutton":12,"minecraft:apple":28,"minecraft:stone_bricks":281,"minecraft:iron_ingot":85,"minecraft:stone_pickaxe":7,"minecraft:cooked_chicken":4,"minecraft:iron_sword":26,"minecraft:soul_sand":129,"minecraft:book":31,"minecraft:emerald_block":4,"minecraft:bamboo_planks":16,"minecraft:pumpkin":13,"minecraft:sweet_berries":45,"minecraft:quartz":251,"minecraft:dandelion":1,"minecraft:gravel":52,"minecraft:lava_bucket":7,"minecraft:spruce_sapling":9,"minecraft:blast_furnace":21,"minecraft:white_bed":26,"minecraft:spruce_log":536,"minecraft:spider_eye":18,"minecraft:polished_tuff":2,"minecraft:purple_bed":1,"minecraft:slime_ball":19,"minecraft:stone_axe":12,"minecraft:iron_helmet":11,"minecraft:painting":18,"minecraft:baked_potato":1,"minecraft:black_wool":3,"minecraft:warped_nylium":2,"minecraft:coal":849,"minecraft:hopper":2,"minecraft:ender_pearl":10},"minecraft:killed":{"minecraft:witch":3,"minecraft:spider":34,"minecraft:skeleton":49,"minecraft:chicken":13,"minecraft:silverfish":15,"minecraft:magma_cube":23,"minecraft:piglin":4,"minecraft:pig":21,"minecraft:zombie_villager":1,"minecraft:salmon":25,"minecraft:iron_golem":3,"minecraft:creeper":9,"minecraft:sheep":33,"minecraft:pillager":24,"minecraft:zombie":52,"minecraft:stray":1,"minecraft:cow":20,"minecraft:blaze":22,"minecraft:evoker":1,"minecraft:vex":1,"minecraft:bogged":3,"minecraft:vindicator":5,"minecraft:slime":22,"minecraft:ravager":2,"minecraft:breeze":6,"minecraft:wither_skeleton":5,"minecraft:villager":22,"minecraft:enderman":4},"minecraft:crafted":{"minecraft:grindstone":2,"minecraft:oak_planks":144,"minecraft:cobblestone_slab":6,"minecraft:blaze_powder":8,"minecraft:cooked_chicken":6,"minecraft:stone":464,"minecraft:bookshelf":8,"minecraft:cooked_mutton":17,"minecraft:iron_bars":16,"minecraft:hopper":2,"minecraft:quartz_block":45,"minecraft:stone_brick_slab":12,"minecraft:bow":17,"minecraft:iron_boots":4,"minecraft:polished_blackstone":64,"minecraft:chest":100,"minecraft:stone_bricks":720,"minecraft:glass_bottle":6,"minecraft:item_frame":32,"minecraft:oak_slab":6,"minecraft:arrow":272,"minecraft:emerald":91,"minecraft:cauldron":2,"minecraft:cooked_porkchop":80,"minecraft:crafting_table":11,"minecraft:spruce_planks":1412,"minecraft:glow_item_frame":32,"minecraft:wooden_pickaxe":1,"minecraft:iron_helmet":3,"minecraft:fletching_table":1,"minecraft:polished_deepslate_slab":30,"minecraft:painting":1,"minecraft:cartography_table":1,"minecraft:stone_brick_stairs":60,"minecraft:spruce_trapdoor":10,"minecraft:lectern":2,"minecraft:iron_chestplate":1,"minecraft:paper":30,"minecraft:diamond_pickaxe":1,"minecraft:shield":4,"minecraft:stick":2642,"minecraft:stone_slab":6,"minecraft:iron_ingot":267,"minecraft:compass":19,"minecraft:iron_pickaxe":15,"minecraft:iron_block":114,"minecraft:stone_sword":3,"minecraft:gold_ingot":18,"minecraft:spruce_fence_gate":2,"minecraft:shears":1,"minecraft:wooden_sword":1,"minecraft:polished_deepslate_stairs":16,"minecraft:furnace":6,"minecraft:piston":48,"minecraft:oak_trapdoor":4,"minecraft:lantern":27,"minecraft:polished_deepslate":511,"minecraft:iron_axe":3,"minecraft:iron_hoe":1,"minecraft:spruce_slab":6,"minecraft:stone_pickaxe":4,"minecraft:spruce_boat":1,"minecraft:observer":48,"minecraft:wheat":486,"minecraft:cooked_beef":50,"minecraft:crossbow":20,"minecraft:enchanting_table":1,"minecraft:iron_sword":5,"minecraft:cooked_salmon":22,"minecraft:stone_axe":3,"minecraft:enchanted_book":22,"minecraft:air":0,"minecraft:bread":162,"minecraft:oak_boat":3,"minecraft:fermented_spider_eye":2,"minecraft:wooden_axe":1,"minecraft:iron_shovel":2,"minecraft:iron_leggings":3,"minecraft:white_bed":2,"minecraft:torch":12},"minecraft:broken":{"minecraft:stone_pickaxe":2,"minecraft:stone_axe":2,"minecraft:iron_sword":1,"minecraft:wooden_axe":1,"minecraft:iron_axe":3,"minecraft:iron_pickaxe":11},"minecraft:used":{"minecraft:tuff_bricks":1,"minecraft:polished_deepslate":4019,"minecraft:iron_shovel":308,"minecraft:polished_blackstone":14,"minecraft:poppy":1,"minecraft:oak_sign":12,"minecraft:stone":182,"minecraft:chest":152,"minecraft:shield":15,"minecraft:nether_wart":36,"minecraft:iron_sword":407,"minecraft:zombie_spawn_egg":7,"minecraft:rotten_flesh":9,"minecraft:iron_chestplate":2,"minecraft:soul_sand":37,"minecraft:waxed_copper_grate":1,"minecraft:obsidian":30,"minecraft:polished_deepslate_stairs":139,"minecraft:spruce_boat":1,"minecraft:glass":108,"minecraft:lava_bucket":2,"minecraft:villager_spawn_egg":25,"minecraft:grass_block":325,"minecraft:lantern":69,"minecraft:stone_brick_stairs":155,"minecraft:stone_bricks":2176,"minecraft:item_frame":10,"minecraft:bow":196,"minecraft:ominous_bottle":1,"minecraft:furnace":16,"minecraft:diorite":2,"minecraft:stone_pickaxe":318,"minecraft:oak_planks":24,"minecraft:wooden_pickaxe":39,"minecraft:sugar_cane":51,"minecraft:sand":8,"minecraft:blast_furnace":41,"minecraft:crossbow":46,"minecraft:stone_brick_wall":6,"minecraft:sponge":22,"minecraft:polished_tuff":1,"minecraft:bread":13,"minecraft:lectern":279,"minecraft:deepslate":64,"minecraft:gravel":32,"minecraft:cat_spawn_egg":4,"minecraft:wooden_sword":30,"minecraft:grindstone":4,"minecraft:smithing_table":9,"minecraft:andesite":42,"minecraft:chain":54,"minecraft:oak_boat":4,"minecraft:experience_bottle":704,"minecraft:oak_trapdoor":3,"minecraft:iron_bars":111,"minecraft:enchanting_table":1,"minecraft:stone_sword":157,"minecraft:flint_and_steel":1,"minecraft:redstone":32,"minecraft:spruce_planks":6,"minecraft:cooked_salmon":25,"minecraft:trial_key":10,"minecraft:cooked_chicken":10,"minecraft:netherrack":134,"minecraft:dirt":231,"minecraft:torch":357,"minecraft:brewing_stand":8,"minecraft:anvil":5,"minecraft:hopper":11,"minecraft:iron_hoe":60,"minecraft:stone_brick_slab":8,"minecraft:wooden_axe":30,"minecraft:chipped_anvil":1,"minecraft:bookshelf":59,"minecraft:iron_axe":657,"minecraft:red_candle":4,"minecraft:iron_boots":1,"minecraft:observer":36,"minecraft:cooked_beef":22,"minecraft:cobbled_deepslate":3,"minecraft:bamboo_planks":5,"minecraft:iron_leggings":2,"minecraft:cooked_mutton":11,"minecraft:water_bucket":147,"minecraft:glass_bottle":6,"minecraft:baked_potato":1,"minecraft:cauldron":2,"minecraft:cobblestone_slab":2,"minecraft:fletching_table":20,"minecraft:spruce_fence_gate":2,"minecraft:salmon":1,"minecraft:glow_item_frame":40,"minecraft:polished_deepslate_slab":43,"minecraft:crafting_table":21,"minecraft:white_bed":45,"minecraft:painting":19,"minecraft:spruce_log":536,"minecraft:cake":1,"minecraft:smoker":10,"minecraft:oak_log":5,"minecraft:piston":37,"minecraft:diamond_pickaxe":398,"minecraft:ominous_trial_key":2,"minecraft:wind_charge":23,"minecraft:iron_pickaxe":4677,"minecraft:spruce_trapdoor":13,"minecraft:spruce_sapling":10,"minecraft:stone_axe":163,"minecraft:cobblestone":135,"minecraft:potion":2,"minecraft:cooked_porkchop":48,"minecraft:bucket":145,"minecraft:splash_potion":4}},"DataVersion":3955}