{"stats":{"minecraft:dropped":{"minecraft:iron_ingot":12,"minecraft:iron_sword":1,"minecraft:wheat_seeds":1,"minecraft:cooked_beef":6,"minecraft:glass_bottle":1,"minecraft:decorated_pot":24,"minecraft:cobblestone":28,"minecraft:polished_tuff":1,"minecraft:granite":5,"minecraft:stick":3,"minecraft:torch":4,"minecraft:dark_oak_fence":9,"minecraft:potion":1,"minecraft:wooden_sword":1,"minecraft:sugar":2,"minecraft:polished_deepslate":12,"minecraft:dandelion":1,"minecraft:redstone":5,"minecraft:oak_trapdoor":1,"minecraft:coarse_dirt":1,"minecraft:rotten_flesh":7,"minecraft:iron_boots":1,"minecraft:oak_planks":2,"minecraft:cooked_mutton":6,"minecraft:polished_deepslate_stairs":1,"minecraft:waxed_copper_block":1,"minecraft:poppy":4,"minecraft:shield":1,"minecraft:stone":64,"minecraft:tipped_arrow":2,"minecraft:trial_key":2,"minecraft:spruce_trapdoor":2,"minecraft:spruce_planks":66,"minecraft:andesite":6,"minecraft:oak_sapling":1,"minecraft:breeze_rod":2,"minecraft:stone_bricks":110,"minecraft:arrow":32,"minecraft:bow":7,"minecraft:stone_pickaxe":1,"minecraft:wooden_pickaxe":1,"minecraft:black_wool":1},"minecraft:custom":{"minecraft:interact_with_smithing_table":1,"minecraft:mob_kills":221,"minecraft:interact_with_crafting_table":57,"minecraft:open_barrel":9,"minecraft:leave_game":4,"minecraft:time_since_death":319859,"minecraft:climb_one_cm":6417,"minecraft:sprint_one_cm":912677,"minecraft:walk_one_cm":1335452,"minecraft:damage_blocked_by_shield":415,"minecraft:drop":73,"minecraft:talked_to_villager":7,"minecraft:play_time":454718,"minecraft:sneak_time":18885,"minecraft:deaths":5,"minecraft:walk_under_water_one_cm":43693,"minecraft:boat_one_cm":311006,"minecraft:jump":4090,"minecraft:interact_with_blast_furnace":51,"minecraft:walk_on_water_one_cm":60343,"minecraft:total_world_time":454718,"minecraft:interact_with_furnace":197,"minecraft:sleep_in_bed":9,"minecraft:time_since_rest":48556,"minecraft:damage_taken":5179,"minecraft:damage_dealt":25345,"minecraft:player_kills":1,"minecraft:swim_one_cm":120123,"minecraft:fly_one_cm":1000496,"minecraft:open_chest":307,"minecraft:crouch_one_cm":70336,"minecraft:fall_one_cm":100838,"minecraft:interact_with_smoker":22,"minecraft:inspect_dispenser":4},"minecraft:broken":{"minecraft:stone_pickaxe":2,"minecraft:iron_axe":1,"minecraft:stone_axe":2,"minecraft:iron_pickaxe":8,"minecraft:wooden_axe":1},"minecraft:used":{"minecraft:tuff_bricks":1,"minecraft:oak_trapdoor":3,"minecraft:iron_bars":2,"minecraft:stone_sword":157,"minecraft:enchanting_table":1,"minecraft:iron_shovel":90,"minecraft:polished_deepslate":828,"minecraft:polished_blackstone":14,"minecraft:poppy":1,"minecraft:cooked_salmon":25,"minecraft:chest":86,"minecraft:shield":14,"minecraft:iron_sword":7,"minecraft:cooked_chicken":6,"minecraft:rotten_flesh":9,"minecraft:trial_key":5,"minecraft:torch":93,"minecraft:brewing_stand":4,"minecraft:dirt":27,"minecraft:anvil":5,"minecraft:waxed_copper_grate":1,"minecraft:polished_deepslate_stairs":84,"minecraft:iron_hoe":60,"minecraft:wooden_axe":30,"minecraft:bookshelf":52,"minecraft:lantern":25,"minecraft:iron_axe":182,"minecraft:red_candle":4,"minecraft:stone_brick_stairs":53,"minecraft:stone_bricks":1059,"minecraft:bow":31,"minecraft:furnace":16,"minecraft:cooked_beef":13,"minecraft:bamboo_planks":5,"minecraft:cooked_mutton":5,"minecraft:water_bucket":48,"minecraft:stone_pickaxe":318,"minecraft:oak_planks":24,"minecraft:wooden_pickaxe":39,"minecraft:cobblestone_slab":2,"minecraft:salmon":1,"minecraft:crafting_table":17,"minecraft:blast_furnace":20,"minecraft:crossbow":41,"minecraft:white_bed":7,"minecraft:painting":19,"minecraft:spruce_log":322,"minecraft:smoker":10,"minecraft:polished_tuff":1,"minecraft:oak_log":5,"minecraft:ominous_trial_key":1,"minecraft:wind_charge":23,"minecraft:iron_pickaxe":2218,"minecraft:lectern":1,"minecraft:spruce_trapdoor":10,"minecraft:spruce_sapling":10,"minecraft:stone_axe":163,"minecraft:potion":1,"minecraft:wooden_sword":30,"minecraft:cobblestone":104,"minecraft:andesite":19,"minecraft:smithing_table":2,"minecraft:cooked_porkchop":12,"minecraft:bucket":49,"minecraft:oak_boat":3,"minecraft:experience_bottle":512},"minecraft:killed":{"minecraft:bogged":3,"minecraft:witch":1,"minecraft:spider":11,"minecraft:slime":22,"minecraft:skeleton":25,"minecraft:chicken":13,"minecraft:pig":21,"minecraft:salmon":25,"minecraft:iron_golem":1,"minecraft:creeper":6,"minecraft:sheep":33,"minecraft:pillager":6,"minecraft:zombie":25,"minecraft:stray":1,"minecraft:breeze":3,"minecraft:enderman":2,"minecraft:cow":20},"minecraft:picked_up":{"minecraft:iron_chestplate":3,"minecraft:coarse_dirt":1,"minecraft:crafting_table":13,"minecraft:chicken":11,"minecraft:anvil":2,"minecraft:gold_block":2,"minecraft:potion":5,"minecraft:stone_brick_stairs":2,"minecraft:brewing_stand":2,"minecraft:shield":3,"minecraft:wind_charge":63,"minecraft:polished_deepslate":61,"minecraft:oak_trapdoor":4,"minecraft:string":20,"minecraft:cooked_salmon":86,"minecraft:raw_copper":15,"minecraft:iron_axe":4,"minecraft:red_candle":4,"minecraft:blackstone":64,"minecraft:cobbled_deepslate":14,"minecraft:bucket":1,"minecraft:spruce_planks":66,"minecraft:beef":78,"minecraft:trial_key":6,"minecraft:cobblestone_slab":2,"minecraft:poppy":5,"minecraft:light_gray_wool":1,"minecraft:sugar_cane":93,"minecraft:chest":8,"minecraft:spruce_trapdoor":4,"minecraft:egg":2,"minecraft:furnace":8,"minecraft:tipped_arrow":87,"minecraft:raw_iron":44,"minecraft:stick":3,"minecraft:stone":192,"minecraft:polished_deepslate_stairs":29,"minecraft:torch":64,"minecraft:porkchop":71,"minecraft:waxed_copper_grate":1,"minecraft:diorite":4,"minecraft:redstone":10,"minecraft:music_disc_creator_music_box":3,"minecraft:stone_sword":8,"minecraft:arrow":336,"minecraft:honey_bottle":4,"minecraft:rotten_flesh":45,"minecraft:decorated_pot":25,"minecraft:hay_block":54,"minecraft:polished_blackstone":14,"minecraft:tuff_bricks":2,"minecraft:iron_bars":1,"minecraft:mutton":85,"minecraft:white_wool":52,"minecraft:cobblestone":1799,"minecraft:stripped_oak_log":2,"minecraft:feather":8,"minecraft:cooked_beef":40,"minecraft:andesite":141,"minecraft:water_bucket":2,"minecraft:salmon":23,"minecraft:leather":23,"minecraft:oak_log":44,"minecraft:waxed_copper_block":6,"minecraft:lily_pad":4,"minecraft:gunpowder":3,"minecraft:lapis_lazuli":64,"minecraft:dirt":170,"minecraft:lantern":1,"minecraft:name_tag":1,"minecraft:cooked_mutton":6,"minecraft:bone":51,"minecraft:stone_bricks":118,"minecraft:bow":20,"minecraft:wheat_seeds":1,"minecraft:iron_ingot":38,"minecraft:stone_pickaxe":7,"minecraft:iron_sword":1,"minecraft:book":30,"minecraft:emerald_block":3,"minecraft:bamboo_planks":16,"minecraft:pumpkin":13,"minecraft:sweet_berries":40,"minecraft:dandelion":1,"minecraft:gravel":8,"minecraft:sand":7,"minecraft:stripped_spruce_log":2,"minecraft:white_bed":6,"minecraft:spruce_log":422,"minecraft:spider_eye":14,"minecraft:polished_tuff":2,"minecraft:sugar":4,"minecraft:slime_ball":19,"minecraft:stone_axe":12,"minecraft:breeze_rod":18,"minecraft:crossbow":3,"minecraft:granite":150,"minecraft:painting":18,"minecraft:bone_meal":1,"minecraft:golden_apple":3,"minecraft:emerald":77,"minecraft:bread":3,"minecraft:music_disc_precipice":1,"minecraft:oak_sapling":3,"minecraft:black_wool":3,"minecraft:dark_oak_fence":9,"minecraft:coal":120,"minecraft:ender_pearl":4},"minecraft:crafted":{"minecraft:wooden_sword":1,"minecraft:oak_planks":124,"minecraft:cobblestone_slab":6,"minecraft:polished_deepslate_stairs":8,"minecraft:cooked_chicken":6,"minecraft:furnace":6,"minecraft:stone":464,"minecraft:iron_bars":16,"minecraft:cooked_mutton":17,"minecraft:oak_trapdoor":4,"minecraft:stone_brick_slab":6,"minecraft:iron_boots":3,"minecraft:polished_deepslate":447,"minecraft:iron_axe":2,"minecraft:iron_hoe":1,"minecraft:polished_blackstone":64,"minecraft:stone_pickaxe":4,"minecraft:chest":68,"minecraft:stone_bricks":720,"minecraft:wheat":486,"minecraft:cooked_beef":50,"minecraft:oak_slab":6,"minecraft:emerald":9,"minecraft:cooked_porkchop":80,"minecraft:crafting_table":10,"minecraft:spruce_planks":112,"minecraft:enchanting_table":1,"minecraft:wooden_pickaxe":1,"minecraft:iron_helmet":1,"minecraft:iron_sword":3,"minecraft:cooked_salmon":22,"minecraft:stone_axe":3,"minecraft:painting":1,"minecraft:bread":162,"minecraft:air":0,"minecraft:oak_boat":3,"minecraft:stone_brick_stairs":60,"minecraft:spruce_trapdoor":10,"minecraft:lectern":1,"minecraft:shield":3,"minecraft:stick":44,"minecraft:iron_ingot":123,"minecraft:iron_pickaxe":7,"minecraft:wooden_axe":1,"minecraft:stone_sword":3,"minecraft:iron_shovel":1,"minecraft:iron_leggings":2,"minecraft:gold_ingot":18,"minecraft:white_bed":1,"minecraft:torch":12,"minecraft:shears":1},"minecraft:mined":{"minecraft:white_bed":6,"minecraft:brewing_stand":2,"minecraft:spruce_trapdoor":2,"minecraft:dark_oak_fence":2,"minecraft:granite":207,"minecraft:grass_block":43,"minecraft:decorated_pot":27,"minecraft:spruce_leaves":6,"minecraft:tuff_bricks":1,"minecraft:hay_block":59,"minecraft:oak_trapdoor":3,"minecraft:furnace":8,"minecraft:iron_ore":39,"minecraft:waxed_copper_grate":1,"minecraft:polished_tuff":1,"minecraft:andesite":153,"minecraft:anvil":2,"minecraft:stripped_spruce_log":2,"minecraft:pumpkin":14,"minecraft:gold_block":2,"minecraft:polished_deepslate":48,"minecraft:cobblestone_slab":2,"minecraft:bookshelf":10,"minecraft:dirt_path":14,"minecraft:iron_bars":1,"minecraft:stripped_oak_log":2,"minecraft:stone":1755,"minecraft:polished_deepslate_stairs":28,"minecraft:dandelion":1,"minecraft:powder_snow":13,"minecraft:torch":6,"minecraft:crafting_table":11,"minecraft:short_grass":12,"minecraft:chest":8,"minecraft:copper_ore":7,"minecraft:tall_grass":4,"minecraft:cobblestone":66,"minecraft:lapis_ore":15,"minecraft:sugar_cane":27,"minecraft:diorite":21,"minecraft:wall_torch":36,"minecraft:seagrass":2,"minecraft:sweet_berry_bush":16,"minecraft:spruce_log":38,"minecraft:birch_leaves":1,"minecraft:stone_brick_stairs":2,"minecraft:coal_ore":83,"minecraft:oak_log":32,"minecraft:gravel":4,"minecraft:dirt":159,"minecraft:sand":10,"minecraft:cobweb":13,"minecraft:stone_bricks":8,"minecraft:polished_blackstone":14,"minecraft:deepslate":14,"minecraft:oak_leaves":12},"minecraft:killed_by":{"minecraft:player":1,"minecraft:stray":1,"minecraft:skeleton":2,"minecraft:witch":1}},"DataVersion":3955}