{"stats":{"minecraft:dropped":{"minecraft:iron_sword":1,"minecraft:cooked_beef":6,"minecraft:glass_bottle":1,"minecraft:decorated_pot":24,"minecraft:dirt":1,"minecraft:dark_oak_fence":9,"minecraft:wooden_sword":1,"minecraft:sugar":2,"minecraft:white_wool":3,"minecraft:rotten_flesh":7,"minecraft:oak_planks":2,"minecraft:cooked_mutton":6,"minecraft:waxed_copper_block":1,"minecraft:poppy":4,"minecraft:tipped_arrow":2,"minecraft:breeze_rod":2,"minecraft:arrow":32,"minecraft:lectern":3,"minecraft:iron_ingot":12,"minecraft:wheat_seeds":1,"minecraft:smithing_table":1,"minecraft:cobblestone":28,"minecraft:polished_tuff":1,"minecraft:granite":5,"minecraft:stick":3,"minecraft:lava_bucket":1,"minecraft:torch":4,"minecraft:potion":1,"minecraft:iron_axe":1,"minecraft:dandelion":1,"minecraft:redstone":5,"minecraft:polished_deepslate":31,"minecraft:oak_trapdoor":1,"minecraft:coarse_dirt":1,"minecraft:polished_deepslate_slab":3,"minecraft:iron_boots":1,"minecraft:polished_deepslate_stairs":1,"minecraft:stone":64,"minecraft:shield":1,"minecraft:trial_key":2,"minecraft:spruce_trapdoor":2,"minecraft:spruce_planks":66,"minecraft:andesite":6,"minecraft:oak_boat":3,"minecraft:oak_sapling":1,"minecraft:stone_bricks":110,"minecraft:bow":7,"minecraft:stone_pickaxe":1,"minecraft:wooden_pickaxe":1,"minecraft:black_wool":1},"minecraft:custom":{"minecraft:interact_with_crafting_table":69,"minecraft:open_barrel":9,"minecraft:leave_game":6,"minecraft:time_since_death":589907,"minecraft:sprint_one_cm":1200253,"minecraft:damage_blocked_by_shield":415,"minecraft:drop":108,"minecraft:talked_to_villager":322,"minecraft:play_time":724766,"minecraft:deaths":5,"minecraft:jump":5115,"minecraft:walk_on_water_one_cm":85955,"minecraft:enchant_item":5,"minecraft:interact_with_furnace":197,"minecraft:traded_with_villager":1,"minecraft:sleep_in_bed":17,"minecraft:damage_dealt":31939,"minecraft:player_kills":1,"minecraft:crouch_one_cm":177323,"minecraft:interact_with_smoker":22,"minecraft:inspect_dispenser":4,"minecraft:interact_with_smithing_table":1,"minecraft:mob_kills":254,"minecraft:interact_with_anvil":2,"minecraft:inspect_hopper":1,"minecraft:climb_one_cm":6417,"minecraft:walk_one_cm":2074913,"minecraft:sneak_time":34147,"minecraft:walk_under_water_one_cm":70198,"minecraft:boat_one_cm":320667,"minecraft:interact_with_blast_furnace":85,"minecraft:total_world_time":724766,"minecraft:interact_with_grindstone":4,"minecraft:time_since_rest":14190,"minecraft:damage_taken":5583,"minecraft:swim_one_cm":120123,"minecraft:fly_one_cm":1306548,"minecraft:open_chest":731,"minecraft:fall_one_cm":104692},"minecraft:broken":{"minecraft:stone_pickaxe":2,"minecraft:stone_axe":2,"minecraft:wooden_axe":1,"minecraft:iron_axe":2,"minecraft:iron_pickaxe":9},"minecraft:used":{"minecraft:tuff_bricks":1,"minecraft:iron_shovel":90,"minecraft:polished_deepslate":2651,"minecraft:polished_blackstone":14,"minecraft:poppy":1,"minecraft:oak_sign":12,"minecraft:chest":94,"minecraft:shield":14,"minecraft:iron_sword":31,"minecraft:zombie_spawn_egg":4,"minecraft:rotten_flesh":9,"minecraft:waxed_copper_grate":1,"minecraft:polished_deepslate_stairs":127,"minecraft:lava_bucket":2,"minecraft:villager_spawn_egg":25,"minecraft:lantern":57,"minecraft:stone_brick_stairs":53,"minecraft:stone_bricks":1061,"minecraft:item_frame":10,"minecraft:bow":40,"minecraft:furnace":16,"minecraft:stone_pickaxe":318,"minecraft:oak_planks":24,"minecraft:wooden_pickaxe":39,"minecraft:blast_furnace":41,"minecraft:crossbow":46,"minecraft:sponge":22,"minecraft:polished_tuff":1,"minecraft:lectern":243,"minecraft:gravel":32,"minecraft:wooden_sword":30,"minecraft:grindstone":4,"minecraft:smithing_table":9,"minecraft:andesite":19,"minecraft:chain":54,"minecraft:oak_boat":4,"minecraft:experience_bottle":512,"minecraft:oak_trapdoor":3,"minecraft:iron_bars":66,"minecraft:enchanting_table":1,"minecraft:stone_sword":157,"minecraft:cooked_salmon":25,"minecraft:cooked_chicken":6,"minecraft:trial_key":5,"minecraft:torch":138,"minecraft:brewing_stand":8,"minecraft:dirt":51,"minecraft:anvil":5,"minecraft:hopper":1,"minecraft:iron_hoe":60,"minecraft:wooden_axe":30,"minecraft:bookshelf":52,"minecraft:iron_axe":532,"minecraft:red_candle":4,"minecraft:cooked_beef":13,"minecraft:bamboo_planks":5,"minecraft:cooked_mutton":8,"minecraft:water_bucket":49,"minecraft:fletching_table":5,"minecraft:cobblestone_slab":2,"minecraft:salmon":1,"minecraft:glow_item_frame":40,"minecraft:polished_deepslate_slab":13,"minecraft:crafting_table":17,"minecraft:white_bed":35,"minecraft:painting":19,"minecraft:spruce_log":322,"minecraft:smoker":10,"minecraft:oak_log":5,"minecraft:ominous_trial_key":1,"minecraft:wind_charge":23,"minecraft:iron_pickaxe":2438,"minecraft:spruce_trapdoor":13,"minecraft:spruce_sapling":10,"minecraft:stone_axe":163,"minecraft:cobblestone":106,"minecraft:potion":1,"minecraft:cooked_porkchop":19,"minecraft:bucket":51,"minecraft:splash_potion":2},"minecraft:killed":{"minecraft:witch":1,"minecraft:spider":11,"minecraft:skeleton":26,"minecraft:chicken":13,"minecraft:pig":21,"minecraft:salmon":25,"minecraft:iron_golem":2,"minecraft:creeper":7,"minecraft:sheep":33,"minecraft:pillager":6,"minecraft:zombie":31,"minecraft:stray":1,"minecraft:cow":20,"minecraft:bogged":3,"minecraft:slime":22,"minecraft:breeze":3,"minecraft:villager":22,"minecraft:enderman":3},"minecraft:picked_up":{"minecraft:iron_chestplate":3,"minecraft:anvil":2,"minecraft:smithing_table":8,"minecraft:potion":5,"minecraft:stone_brick_stairs":3,"minecraft:brewing_stand":6,"minecraft:polished_deepslate":146,"minecraft:string":20,"minecraft:raw_copper":15,"minecraft:cooked_salmon":86,"minecraft:red_candle":4,"minecraft:oak_sign":23,"minecraft:cobbled_deepslate":14,"minecraft:bucket":1,"minecraft:spruce_planks":66,"minecraft:trial_key":6,"minecraft:cobblestone_slab":2,"minecraft:furnace":8,"minecraft:tipped_arrow":87,"minecraft:stick":3,"minecraft:polished_deepslate_stairs":31,"minecraft:torch":96,"minecraft:porkchop":71,"minecraft:waxed_copper_grate":1,"minecraft:diorite":7,"minecraft:rotten_flesh":53,"minecraft:stone_sword":8,"minecraft:honey_bottle":4,"minecraft:iron_bars":19,"minecraft:cobblestone":1806,"minecraft:feather":8,"minecraft:cooked_beef":40,"minecraft:water_bucket":2,"minecraft:andesite":142,"minecraft:flint":2,"minecraft:lantern":5,"minecraft:lapis_lazuli":64,"minecraft:dirt":202,"minecraft:name_tag":1,"minecraft:bone":51,"minecraft:bow":20,"minecraft:wheat_seeds":1,"minecraft:grindstone":2,"minecraft:fletching_table":5,"minecraft:sand":7,"minecraft:stripped_spruce_log":2,"minecraft:sugar":4,"minecraft:granite":150,"minecraft:crossbow":3,"minecraft:breeze_rod":18,"minecraft:bone_meal":1,"minecraft:golden_apple":3,"minecraft:emerald":77,"minecraft:bread":3,"minecraft:music_disc_precipice":1,"minecraft:oak_sapling":3,"minecraft:dark_oak_fence":9,"minecraft:coarse_dirt":1,"minecraft:crafting_table":13,"minecraft:chicken":11,"minecraft:gold_block":2,"minecraft:chain":4,"minecraft:shield":3,"minecraft:wind_charge":63,"minecraft:oak_trapdoor":4,"minecraft:iron_axe":4,"minecraft:item_frame":10,"minecraft:blackstone":64,"minecraft:beef":78,"minecraft:oak_boat":4,"minecraft:poppy":11,"minecraft:light_gray_wool":1,"minecraft:lectern":246,"minecraft:sugar_cane":93,"minecraft:chest":8,"minecraft:spruce_trapdoor":7,"minecraft:egg":2,"minecraft:raw_iron":44,"minecraft:polished_deepslate_slab":10,"minecraft:stone":192,"minecraft:redstone":10,"minecraft:music_disc_creator_music_box":3,"minecraft:arrow":336,"minecraft:decorated_pot":25,"minecraft:hay_block":54,"minecraft:polished_blackstone":14,"minecraft:tuff_bricks":2,"minecraft:mutton":85,"minecraft:white_wool":52,"minecraft:stripped_oak_log":2,"minecraft:salmon":23,"minecraft:leather":23,"minecraft:oak_log":44,"minecraft:waxed_copper_block":6,"minecraft:lily_pad":4,"minecraft:gunpowder":5,"minecraft:cobblestone_wall":1,"minecraft:blue_bed":1,"minecraft:cooked_mutton":6,"minecraft:stone_bricks":165,"minecraft:iron_ingot":74,"minecraft:stone_pickaxe":7,"minecraft:iron_sword":1,"minecraft:book":31,"minecraft:emerald_block":3,"minecraft:bamboo_planks":16,"minecraft:pumpkin":13,"minecraft:sweet_berries":40,"minecraft:dandelion":1,"minecraft:gravel":38,"minecraft:blast_furnace":21,"minecraft:white_bed":15,"minecraft:spruce_log":422,"minecraft:polished_tuff":2,"minecraft:spider_eye":14,"minecraft:purple_bed":1,"minecraft:slime_ball":19,"minecraft:stone_axe":12,"minecraft:painting":18,"minecraft:black_wool":3,"minecraft:coal":760,"minecraft:hopper":1,"minecraft:ender_pearl":4},"minecraft:crafted":{"minecraft:grindstone":2,"minecraft:oak_planks":124,"minecraft:cobblestone_slab":6,"minecraft:cooked_chicken":6,"minecraft:stone":464,"minecraft:cooked_mutton":17,"minecraft:iron_bars":16,"minecraft:stone_brick_slab":6,"minecraft:bow":1,"minecraft:iron_boots":3,"minecraft:polished_blackstone":64,"minecraft:chest":68,"minecraft:stone_bricks":720,"minecraft:oak_slab":6,"minecraft:item_frame":32,"minecraft:emerald":9,"minecraft:cooked_porkchop":80,"minecraft:crafting_table":10,"minecraft:spruce_planks":112,"minecraft:glow_item_frame":32,"minecraft:wooden_pickaxe":1,"minecraft:iron_helmet":1,"minecraft:fletching_table":1,"minecraft:polished_deepslate_slab":18,"minecraft:painting":1,"minecraft:stone_brick_stairs":60,"minecraft:spruce_trapdoor":10,"minecraft:lectern":1,"minecraft:shield":3,"minecraft:stick":308,"minecraft:stone_slab":6,"minecraft:iron_pickaxe":9,"minecraft:iron_ingot":123,"minecraft:stone_sword":3,"minecraft:gold_ingot":18,"minecraft:shears":1,"minecraft:wooden_sword":1,"minecraft:polished_deepslate_stairs":12,"minecraft:furnace":6,"minecraft:oak_trapdoor":4,"minecraft:polished_deepslate":447,"minecraft:iron_axe":2,"minecraft:iron_hoe":1,"minecraft:stone_pickaxe":4,"minecraft:wheat":486,"minecraft:cooked_beef":50,"minecraft:enchanting_table":1,"minecraft:iron_sword":3,"minecraft:cooked_salmon":22,"minecraft:stone_axe":3,"minecraft:enchanted_book":1,"minecraft:bread":162,"minecraft:air":0,"minecraft:oak_boat":3,"minecraft:wooden_axe":1,"minecraft:iron_shovel":1,"minecraft:iron_leggings":2,"minecraft:white_bed":2,"minecraft:torch":12},"minecraft:mined":{"minecraft:white_bed":14,"minecraft:brewing_stand":6,"minecraft:spruce_trapdoor":5,"minecraft:granite":207,"minecraft:grass_block":44,"minecraft:hopper":1,"minecraft:oak_wall_sign":1,"minecraft:tuff_bricks":1,"minecraft:iron_ore":39,"minecraft:polished_tuff":1,"minecraft:pumpkin":14,"minecraft:fletching_table":5,"minecraft:anvil":2,"minecraft:polished_deepslate_slab":10,"minecraft:oak_sign":8,"minecraft:dirt_path":19,"minecraft:iron_bars":19,"minecraft:polished_deepslate_stairs":30,"minecraft:powder_snow":13,"minecraft:torch":7,"minecraft:blast_furnace":21,"minecraft:chest":8,"minecraft:cobblestone":68,"minecraft:grindstone":2,"minecraft:sugar_cane":27,"minecraft:wall_torch":66,"minecraft:seagrass":2,"minecraft:chain":5,"minecraft:stone_brick_stairs":3,"minecraft:oak_log":32,"minecraft:sand":10,"minecraft:dirt":181,"minecraft:oak_leaves":12,"minecraft:deepslate":14,"minecraft:dark_oak_fence":2,"minecraft:decorated_pot":27,"minecraft:spruce_leaves":6,"minecraft:hay_block":59,"minecraft:oak_trapdoor":3,"minecraft:furnace":8,"minecraft:waxed_copper_grate":1,"minecraft:andesite":154,"minecraft:stripped_spruce_log":2,"minecraft:gold_block":2,"minecraft:polished_deepslate":117,"minecraft:bookshelf":10,"minecraft:cobblestone_slab":2,"minecraft:lantern":4,"minecraft:stripped_oak_log":2,"minecraft:stone":1760,"minecraft:smithing_table":6,"minecraft:dandelion":1,"minecraft:crafting_table":11,"minecraft:short_grass":12,"minecraft:lectern":242,"minecraft:tall_grass":4,"minecraft:copper_ore":7,"minecraft:lapis_ore":15,"minecraft:diorite":24,"minecraft:sweet_berry_bush":16,"minecraft:spruce_log":38,"minecraft:birch_leaves":1,"minecraft:coal_ore":83,"minecraft:gravel":36,"minecraft:cobweb":13,"minecraft:polished_blackstone":14,"minecraft:stone_bricks":56},"minecraft:killed_by":{"minecraft:witch":1,"minecraft:player":1,"minecraft:stray":1,"minecraft:skeleton":2}},"DataVersion":3955}