{"stats":{"minecraft:dropped":{"minecraft:brown_mushroom":1,"minecraft:coal":6,"minecraft:pufferfish":1,"minecraft:snowball":9,"minecraft:sand":68,"minecraft:bone":4,"minecraft:oak_door":1,"minecraft:stone_axe":1,"minecraft:kelp":2,"minecraft:stone_sword":1,"minecraft:rotten_flesh":3,"minecraft:oak_planks":1,"minecraft:filled_map":1,"minecraft:spider_eye":2,"minecraft:wooden_pickaxe":1,"minecraft:stone_pickaxe":1},"minecraft:custom":{"minecraft:mob_kills":70,"minecraft:animals_bred":15,"minecraft:interact_with_crafting_table":55,"minecraft:leave_game":5,"minecraft:time_since_death":33575,"minecraft:climb_one_cm":8001,"minecraft:sprint_one_cm":736745,"minecraft:walk_one_cm":525366,"minecraft:drop":18,"minecraft:talked_to_villager":1,"minecraft:play_time":219137,"minecraft:deaths":7,"minecraft:sneak_time":1273,"minecraft:walk_under_water_one_cm":29489,"minecraft:boat_one_cm":283019,"minecraft:jump":3094,"minecraft:walk_on_water_one_cm":77528,"minecraft:total_world_time":219137,"minecraft:interact_with_furnace":54,"minecraft:pot_flower":3,"minecraft:sleep_in_bed":4,"minecraft:time_since_rest":14890,"minecraft:damage_taken":2946,"minecraft:damage_dealt":10131,"minecraft:swim_one_cm":108759,"minecraft:fly_one_cm":826204,"minecraft:open_chest":80,"minecraft:crouch_one_cm":2084,"minecraft:fish_caught":5,"minecraft:fall_one_cm":55535},"minecraft:killed_by":{"minecraft:creeper":1,"minecraft:skeleton":3,"minecraft:zombie":1},"minecraft:mined":{"minecraft:tuff":3,"minecraft:farmland":1,"minecraft:deepslate_diamond_ore":1,"minecraft:grass_block":4,"minecraft:kelp":2,"minecraft:tall_seagrass":5,"minecraft:carrots":12,"minecraft:iron_ore":5,"minecraft:snow":27,"minecraft:andesite":9,"minecraft:potted_red_mushroom":1,"minecraft:deepslate_iron_ore":4,"minecraft:vine":1,"minecraft:stone":223,"minecraft:brown_mushroom":1,"minecraft:oak_fence":8,"minecraft:clay":7,"minecraft:crafting_table":3,"minecraft:torch":5,"minecraft:short_grass":199,"minecraft:emerald_ore":1,"minecraft:dead_bush":3,"minecraft:cobblestone":7,"minecraft:copper_ore":1,"minecraft:oak_planks":36,"minecraft:diorite":14,"minecraft:wall_torch":3,"minecraft:birch_log":6,"minecraft:wheat":12,"minecraft:oak_log":109,"minecraft:coal_ore":107,"minecraft:gravel":5,"minecraft:flower_pot":1,"minecraft:sand":69,"minecraft:dirt":19,"minecraft:deepslate":52,"minecraft:oak_leaves":12},"minecraft:picked_up":{"minecraft:fishing_rod":1,"minecraft:crafting_table":3,"minecraft:wheat":15,"minecraft:chicken":2,"minecraft:clay_ball":28,"minecraft:flower_pot":2,"minecraft:brown_mushroom":3,"minecraft:wooden_pickaxe":1,"minecraft:golden_sword":1,"minecraft:string":10,"minecraft:raw_copper":2,"minecraft:pufferfish":1,"minecraft:cobbled_deepslate":52,"minecraft:beef":10,"minecraft:oak_boat":1,"minecraft:birch_sapling":4,"minecraft:egg":66,"minecraft:raw_iron":9,"minecraft:stick":48,"minecraft:oak_fence":10,"minecraft:torch":10,"minecraft:porkchop":10,"minecraft:diorite":12,"minecraft:carrot":37,"minecraft:redstone":7,"minecraft:golden_chestplate":2,"minecraft:rotten_flesh":33,"minecraft:stone_sword":2,"minecraft:arrow":12,"minecraft:stone_shovel":2,"minecraft:shears":1,"minecraft:iron_block":47,"minecraft:mutton":8,"minecraft:cod":2,"minecraft:snowball":40,"minecraft:white_wool":8,"minecraft:cobblestone":226,"minecraft:birch_log":6,"minecraft:feather":6,"minecraft:andesite":9,"minecraft:salmon":2,"minecraft:leather":10,"minecraft:golden_leggings":2,"minecraft:red_mushroom":1,"minecraft:tuff":3,"minecraft:oak_log":108,"minecraft:gunpowder":2,"minecraft:wooden_hoe":1,"minecraft:dirt":23,"minecraft:bone":9,"minecraft:apple":3,"minecraft:kelp":2,"minecraft:bow":2,"minecraft:wheat_seeds":61,"minecraft:stone_pickaxe":1,"minecraft:glass_bottle":1,"minecraft:iron_sword":2,"minecraft:oak_planks":37,"minecraft:gravel":2,"minecraft:sand":72,"minecraft:dead_bush":2,"minecraft:spider_eye":3,"minecraft:slime_ball":6,"minecraft:diamond":1,"minecraft:stone_axe":2,"minecraft:emerald":1,"minecraft:oak_sapling":30,"minecraft:black_wool":1,"minecraft:coal":107,"minecraft:oak_leaves":2},"minecraft:killed":{"minecraft:bogged":1,"minecraft:witch":1,"minecraft:spider":5,"minecraft:slime":9,"minecraft:skeleton":6,"minecraft:chicken":1,"minecraft:drowned":2,"minecraft:pig":5,"minecraft:creeper":3,"minecraft:sheep":6,"minecraft:zombie":25,"minecraft:cow":5},"minecraft:crafted":{"minecraft:brick":28,"minecraft:oak_door":3,"minecraft:oak_planks":432,"minecraft:stone_shovel":2,"minecraft:fishing_rod":1,"minecraft:cooked_chicken":1,"minecraft:furnace":4,"minecraft:stone":324,"minecraft:mushroom_stew":1,"minecraft:bone_meal":12,"minecraft:white_carpet":3,"minecraft:cooked_mutton":8,"minecraft:iron_boots":1,"minecraft:iron_axe":1,"minecraft:stone_pickaxe":3,"minecraft:chest":4,"minecraft:oak_fence":24,"minecraft:flower_pot":1,"minecraft:cooked_beef":10,"minecraft:cooked_cod":1,"minecraft:cooked_porkchop":10,"minecraft:crafting_table":8,"minecraft:wooden_pickaxe":3,"minecraft:iron_helmet":1,"minecraft:iron_sword":2,"minecraft:bowl":4,"minecraft:cooked_salmon":1,"minecraft:bucket":2,"minecraft:stone_axe":1,"minecraft:bread":2,"minecraft:air":0,"minecraft:oak_boat":2,"minecraft:iron_chestplate":1,"minecraft:wooden_hoe":1,"minecraft:stick":72,"minecraft:iron_ingot":431,"minecraft:iron_pickaxe":3,"minecraft:wooden_axe":2,"minecraft:stone_sword":1,"minecraft:iron_leggings":1,"minecraft:white_bed":1,"minecraft:torch":12,"minecraft:shears":1},"minecraft:broken":{"minecraft:stone_sword":1,"minecraft:golden_sword":1,"minecraft:iron_pickaxe":1,"minecraft:wooden_axe":1},"minecraft:used":{"minecraft:oak_fence":30,"minecraft:stone_sword":172,"minecraft:stone_shovel":105,"minecraft:chest":4,"minecraft:iron_sword":67,"minecraft:cooked_salmon":5,"minecraft:cooked_chicken":1,"minecraft:rotten_flesh":23,"minecraft:oak_door":2,"minecraft:torch":10,"minecraft:dirt":3,"minecraft:white_carpet":1,"minecraft:carrot":32,"minecraft:snowball":1,"minecraft:wooden_axe":64,"minecraft:birch_sapling":1,"minecraft:golden_sword":34,"minecraft:bow":4,"minecraft:furnace":4,"minecraft:cooked_cod":1,"minecraft:egg":44,"minecraft:cooked_beef":2,"minecraft:cobbled_deepslate":4,"minecraft:wheat_seeds":25,"minecraft:cooked_mutton":2,"minecraft:water_bucket":8,"minecraft:diorite":1,"minecraft:stone_pickaxe":117,"minecraft:oak_planks":124,"minecraft:wooden_pickaxe":39,"minecraft:oak_leaves":2,"minecraft:sand":4,"minecraft:crafting_table":11,"minecraft:mushroom_stew":1,"minecraft:white_bed":1,"minecraft:shears":4,"minecraft:wooden_hoe":76,"minecraft:flower_pot":3,"minecraft:apple":3,"minecraft:bread":2,"minecraft:iron_pickaxe":292,"minecraft:stone_axe":117,"minecraft:fishing_rod":8,"minecraft:cobblestone":32,"minecraft:cooked_porkchop":6,"minecraft:andesite":5,"minecraft:bucket":9,"minecraft:oak_boat":2,"minecraft:bone_meal":12}},"DataVersion":3955}