{"stats":{"minecraft:mined":{"minecraft:brown_mushroom":1,"minecraft:farmland":1,"minecraft:oak_fence":8,"minecraft:clay":7,"minecraft:crafting_table":3,"minecraft:torch":2,"minecraft:short_grass":196,"minecraft:grass_block":2,"minecraft:dead_bush":3,"minecraft:kelp":2,"minecraft:oak_planks":5,"minecraft:tall_seagrass":1,"minecraft:carrots":5,"minecraft:snow":27,"minecraft:potted_red_mushroom":1,"minecraft:vine":1,"minecraft:oak_log":52,"minecraft:coal_ore":5,"minecraft:flower_pot":1,"minecraft:sand":69,"minecraft:stone":22,"minecraft:oak_leaves":11},"minecraft:picked_up":{"minecraft:feather":1,"minecraft:crafting_table":3,"minecraft:flower_pot":2,"minecraft:clay_ball":28,"minecraft:salmon":2,"minecraft:brown_mushroom":3,"minecraft:golden_leggings":1,"minecraft:red_mushroom":1,"minecraft:oak_log":52,"minecraft:golden_sword":1,"minecraft:dirt":2,"minecraft:string":6,"minecraft:pufferfish":1,"minecraft:bone":4,"minecraft:apple":3,"minecraft:kelp":2,"minecraft:bow":1,"minecraft:wheat_seeds":21,"minecraft:oak_boat":1,"minecraft:glass_bottle":1,"minecraft:oak_planks":5,"minecraft:egg":9,"minecraft:stick":14,"minecraft:oak_fence":8,"minecraft:torch":2,"minecraft:porkchop":4,"minecraft:sand":72,"minecraft:dead_bush":2,"minecraft:carrot":14,"minecraft:redstone":7,"minecraft:spider_eye":2,"minecraft:golden_chestplate":1,"minecraft:arrow":2,"minecraft:rotten_flesh":9,"minecraft:slime_ball":6,"minecraft:oak_leaves":2,"minecraft:oak_sapling":26,"minecraft:mutton":3,"minecraft:cod":2,"minecraft:coal":5,"minecraft:snowball":25,"minecraft:white_wool":6,"minecraft:cobblestone":22},"minecraft:dropped":{"minecraft:oak_door":1,"minecraft:brown_mushroom":1,"minecraft:kelp":2,"minecraft:rotten_flesh":3,"minecraft:pufferfish":1,"minecraft:filled_map":1,"minecraft:snowball":9,"minecraft:spider_eye":2,"minecraft:sand":68},"minecraft:custom":{"minecraft:interact_with_furnace":30,"minecraft:mob_kills":40,"minecraft:animals_bred":4,"minecraft:interact_with_crafting_table":32,"minecraft:pot_flower":3,"minecraft:leave_game":3,"minecraft:time_since_death":104226,"minecraft:sleep_in_bed":2,"minecraft:climb_one_cm":3683,"minecraft:time_since_rest":36599,"minecraft:sprint_one_cm":383719,"minecraft:damage_taken":891,"minecraft:walk_one_cm":306945,"minecraft:drop":11,"minecraft:damage_dealt":5579,"minecraft:swim_one_cm":52107,"minecraft:talked_to_villager":1,"minecraft:fly_one_cm":412533,"minecraft:open_chest":45,"minecraft:crouch_one_cm":1077,"minecraft:play_time":109117,"minecraft:deaths":1,"minecraft:sneak_time":302,"minecraft:walk_under_water_one_cm":11731,"minecraft:boat_one_cm":283019,"minecraft:jump":1429,"minecraft:walk_on_water_one_cm":31943,"minecraft:total_world_time":109117,"minecraft:fish_caught":5,"minecraft:fall_one_cm":22081},"minecraft:used":{"minecraft:wheat_seeds":14,"minecraft:oak_fence":30,"minecraft:cooked_mutton":2,"minecraft:water_bucket":1,"minecraft:stone_sword":120,"minecraft:stone_shovel":98,"minecraft:oak_planks":92,"minecraft:chest":4,"minecraft:wooden_pickaxe":28,"minecraft:cooked_salmon":5,"minecraft:rotten_flesh":6,"minecraft:oak_leaves":2,"minecraft:oak_door":2,"minecraft:torch":4,"minecraft:sand":4,"minecraft:white_carpet":1,"minecraft:crafting_table":7,"minecraft:mushroom_stew":1,"minecraft:carrot":20,"minecraft:white_bed":1,"minecraft:shears":4,"minecraft:snowball":1,"minecraft:flower_pot":3,"minecraft:wooden_axe":64,"minecraft:wooden_hoe":76,"minecraft:apple":3,"minecraft:stone_axe":17,"minecraft:golden_sword":34,"minecraft:fishing_rod":8,"minecraft:furnace":1,"minecraft:cooked_cod":1,"minecraft:cooked_porkchop":4,"minecraft:bucket":1,"minecraft:oak_boat":2,"minecraft:egg":9,"minecraft:bone_meal":9},"minecraft:broken":{"minecraft:golden_sword":1,"minecraft:stone_sword":1,"minecraft:wooden_axe":1},"minecraft:crafted":{"minecraft:brick":28,"minecraft:cooked_cod":1,"minecraft:oak_door":3,"minecraft:oak_planks":208,"minecraft:stone_shovel":2,"minecraft:fishing_rod":1,"minecraft:cooked_porkchop":4,"minecraft:crafting_table":4,"minecraft:wooden_pickaxe":2,"minecraft:bowl":4,"minecraft:furnace":1,"minecraft:cooked_salmon":1,"minecraft:stone":324,"minecraft:mushroom_stew":1,"minecraft:bone_meal":9,"minecraft:bucket":1,"minecraft:stone_axe":1,"minecraft:white_carpet":3,"minecraft:cooked_mutton":3,"minecraft:air":0,"minecraft:oak_boat":2,"minecraft:wooden_hoe":1,"minecraft:stick":32,"minecraft:wooden_axe":2,"minecraft:stone_sword":1,"minecraft:chest":4,"minecraft:white_bed":1,"minecraft:torch":4,"minecraft:oak_fence":24,"minecraft:shears":1,"minecraft:flower_pot":1},"minecraft:killed":{"minecraft:pig":2,"minecraft:witch":1,"minecraft:spider":4,"minecraft:slime":9,"minecraft:creeper":1,"minecraft:sheep":3,"minecraft:skeleton":3,"minecraft:zombie":14,"minecraft:drowned":2}},"DataVersion":3955}