{"stats":{"minecraft:dropped":{"minecraft:iron_sword":6,"minecraft:brown_mushroom":2,"minecraft:cooked_beef":15,"minecraft:glass_bottle":4,"minecraft:diamond":22,"minecraft:crafting_table":1,"minecraft:decorated_pot":51,"minecraft:crossbow":6,"minecraft:rail":1,"minecraft:flint":2,"minecraft:music_disc_creator_music_box":5,"minecraft:cobblestone_stairs":2,"minecraft:music_disc_13":1,"minecraft:dirt":6,"minecraft:waxed_oxidized_chiseled_copper":1,"minecraft:dark_oak_fence":5,"minecraft:music_disc_precipice":3,"minecraft:sand":4,"minecraft:glistering_melon_slice":6,"minecraft:sugar":2,"minecraft:iron_pickaxe":5,"minecraft:white_wool":5,"minecraft:blue_bed":2,"minecraft:bone":47,"minecraft:gravel":12,"minecraft:stone_axe":3,"minecraft:emerald_block":2,"minecraft:golden_chestplate":2,"minecraft:cobbled_deepslate":165,"minecraft:obsidian":1,"minecraft:rotten_flesh":29,"minecraft:oak_planks":12,"minecraft:honey_bottle":5,"minecraft:waxed_copper_block":6,"minecraft:wind_charge":10,"minecraft:poppy":2,"minecraft:tipped_arrow":34,"minecraft:red_candle":3,"minecraft:gunpowder":7,"minecraft:stone_brick_wall":18,"minecraft:breeze_rod":4,"minecraft:arrow":63,"minecraft:netherrack":1,"minecraft:bread":96,"minecraft:enchanted_book":1,"minecraft:water_bucket":2,"minecraft:iron_ingot":2,"minecraft:mossy_cobblestone":1,"minecraft:smithing_table":2,"minecraft:iron_helmet":2,"minecraft:oak_fence":1,"minecraft:feather":6,"minecraft:cobblestone":162,"minecraft:polished_tuff":1,"minecraft:amethyst_block":4,"minecraft:granite":5,"minecraft:spruce_door":1,"minecraft:coal":1,"minecraft:stick":27,"minecraft:gray_wool":4,"minecraft:diorite":8,"minecraft:torch":2,"minecraft:wooden_axe":1,"minecraft:brown_wool":1,"minecraft:waxed_oxidized_copper":4,"minecraft:iron_leggings":1,"minecraft:pumpkin":2,"minecraft:white_banner":3,"minecraft:iron_axe":4,"minecraft:iron_shovel":4,"minecraft:string":113,"minecraft:lily_pad":8,"minecraft:bucket":9,"minecraft:polished_deepslate":1,"minecraft:dandelion":1,"minecraft:spruce_sapling":8,"minecraft:tuff_bricks":13,"minecraft:sweet_berries":10,"minecraft:warped_nylium":1,"minecraft:coarse_dirt":1,"minecraft:stone_sword":3,"minecraft:cobblestone_wall":3,"minecraft:stone_shovel":1,"minecraft:light_gray_wool":1,"minecraft:iron_boots":3,"minecraft:name_tag":3,"minecraft:oak_sign":18,"minecraft:pumpkin_seeds":12,"minecraft:shield":4,"minecraft:trial_key":4,"minecraft:spruce_planks":9,"minecraft:iron_chestplate":1,"minecraft:diamond_pickaxe":1,"minecraft:andesite":20,"minecraft:purple_bed":3,"minecraft:oak_sapling":46,"minecraft:golden_leggings":3,"minecraft:oak_boat":1,"minecraft:waxed_oxidized_cut_copper":2,"minecraft:golden_sword":2,"minecraft:spider_eye":20,"minecraft:spruce_log":16,"minecraft:bow":14,"minecraft:stone_pickaxe":3},"minecraft:custom":{"minecraft:interact_with_crafting_table":109,"minecraft:open_barrel":14,"minecraft:bell_ring":4,"minecraft:leave_game":8,"minecraft:time_since_death":49394,"minecraft:sprint_one_cm":2130994,"minecraft:damage_blocked_by_shield":4130,"minecraft:drop":319,"minecraft:talked_to_villager":140,"minecraft:play_time":971223,"minecraft:deaths":12,"minecraft:jump":7382,"minecraft:walk_on_water_one_cm":225186,"minecraft:interact_with_furnace":101,"minecraft:traded_with_villager":17,"minecraft:interact_with_cartography_table":1,"minecraft:sleep_in_bed":16,"minecraft:damage_dealt":41909,"minecraft:player_kills":1,"minecraft:crouch_one_cm":119586,"minecraft:interact_with_smoker":8,"minecraft:interact_with_smithing_table":4,"minecraft:inspect_dispenser":4,"minecraft:interact_with_anvil":4,"minecraft:mob_kills":336,"minecraft:climb_one_cm":15170,"minecraft:walk_one_cm":2916480,"minecraft:sneak_time":35906,"minecraft:walk_under_water_one_cm":85162,"minecraft:boat_one_cm":1542154,"minecraft:interact_with_blast_furnace":4,"minecraft:total_world_time":971223,"minecraft:time_since_rest":35633,"minecraft:damage_taken":13543,"minecraft:swim_one_cm":60777,"minecraft:fly_one_cm":1222889,"minecraft:open_chest":822,"minecraft:fall_one_cm":130529},"minecraft:killed_by":{"minecraft:zombie_villager":2,"minecraft:vindicator":2,"minecraft:blaze":1,"minecraft:zombie":1,"minecraft:vex":2,"minecraft:player":2,"minecraft:skeleton":1},"minecraft:mined":{"minecraft:cobblestone_stairs":5,"minecraft:brewing_stand":1,"minecraft:spruce_trapdoor":2,"minecraft:granite":2,"minecraft:grass_block":2406,"minecraft:soul_soil":11,"minecraft:chiseled_tuff_bricks":1,"minecraft:tuff_bricks":12,"minecraft:nether_wart":20,"minecraft:tall_seagrass":68,"minecraft:iron_ore":35,"minecraft:barrel":1,"minecraft:fire":2,"minecraft:polished_tuff":13,"minecraft:pumpkin":18,"minecraft:dirt_path":26,"minecraft:brown_mushroom":5,"minecraft:powder_snow":17,"minecraft:torch":24,"minecraft:chest":2,"minecraft:dead_bush":9,"minecraft:nether_quartz_ore":89,"minecraft:cobblestone":67,"minecraft:oak_planks":5,"minecraft:sugar_cane":29,"minecraft:waxed_chiseled_copper":1,"minecraft:wall_torch":3,"minecraft:amethyst_block":4,"minecraft:seagrass":16,"minecraft:waxed_copper_bulb":1,"minecraft:red_candle":2,"minecraft:waxed_copper_block":14,"minecraft:oak_log":322,"minecraft:waxed_oxidized_copper":1,"minecraft:waxed_oxidized_copper_door":1,"minecraft:sand":13,"minecraft:dirt":4565,"minecraft:dispenser":2,"minecraft:netherrack":49,"minecraft:deepslate":108,"minecraft:oak_leaves":215,"minecraft:mossy_cobblestone":8,"minecraft:waxed_oxidized_chiseled_copper":1,"minecraft:dark_oak_fence":9,"minecraft:decorated_pot":45,"minecraft:spruce_leaves":98,"minecraft:large_fern":6,"minecraft:hay_block":29,"minecraft:waxed_oxidized_cut_copper":1,"minecraft:furnace":2,"minecraft:snow":17,"minecraft:andesite":362,"minecraft:polished_deepslate":3,"minecraft:bookshelf":7,"minecraft:vine":22,"minecraft:rail":1,"minecraft:stone":832,"minecraft:bone_block":11,"minecraft:smithing_table":10,"minecraft:soul_sand":64,"minecraft:basalt":3,"minecraft:dandelion":1,"minecraft:spruce_door":6,"minecraft:oak_fence":1,"minecraft:crafting_table":10,"minecraft:short_grass":245,"minecraft:lectern":50,"minecraft:copper_ore":31,"minecraft:tall_grass":1,"minecraft:lily_pad":80,"minecraft:diorite":11,"minecraft:blue_bed":7,"minecraft:purple_bed":6,"minecraft:birch_planks":4,"minecraft:coarse_dirt":1,"minecraft:cobblestone_wall":10,"minecraft:sweet_berry_bush":12,"minecraft:spruce_log":61,"minecraft:birch_leaves":5,"minecraft:bee_nest":1,"minecraft:coal_ore":89,"minecraft:gravel":10,"minecraft:flower_pot":1,"minecraft:cobweb":38,"minecraft:oak_button":1,"minecraft:stone_bricks":80,"minecraft:fern":3},"minecraft:picked_up":{"minecraft:iron_chestplate":1,"minecraft:wheat":60,"minecraft:smithing_table":11,"minecraft:potion":2,"minecraft:enchanted_book":4,"minecraft:brewing_stand":1,"minecraft:golden_sword":1,"minecraft:amethyst_block":4,"minecraft:polished_deepslate":5,"minecraft:string":163,"minecraft:soul_soil":24,"minecraft:raw_copper":156,"minecraft:iron_leggings":7,"minecraft:red_candle":3,"minecraft:cobbled_deepslate":165,"minecraft:bucket":9,"minecraft:spruce_planks":13,"minecraft:trial_key":18,"minecraft:waxed_oxidized_copper_door":1,"minecraft:redstone_torch":1,"minecraft:iron_pickaxe":56,"minecraft:iron_boots":13,"minecraft:furnace":2,"minecraft:tipped_arrow":70,"minecraft:spruce_pressure_plate":1,"minecraft:stick":325,"minecraft:oak_fence":3,"minecraft:torch":160,"minecraft:porkchop":123,"minecraft:diorite":32,"minecraft:golden_chestplate":1,"minecraft:quartz_block":16,"minecraft:stone_sword":8,"minecraft:honey_bottle":5,"minecraft:rotten_flesh":73,"minecraft:obsidian":1,"minecraft:snowball":16,"minecraft:cobblestone":890,"minecraft:feather":13,"minecraft:cooked_beef":86,"minecraft:water_bucket":6,"minecraft:andesite":482,"minecraft:brown_wool":1,"minecraft:golden_leggings":2,"minecraft:flint":2,"minecraft:lapis_lazuli":42,"minecraft:dirt":7049,"minecraft:name_tag":2,"minecraft:glass":1,"minecraft:bone":73,"minecraft:bow":20,"minecraft:wheat_seeds":38,"minecraft:guster_banner_pattern":2,"minecraft:powered_rail":6,"minecraft:oak_planks":15,"minecraft:honeycomb":14,"minecraft:cooked_porkchop":113,"minecraft:waxed_chiseled_copper":1,"minecraft:sand":9,"minecraft:mossy_cobblestone":9,"minecraft:dispenser":3,"minecraft:sugar":4,"minecraft:diamond":26,"minecraft:granite":33,"minecraft:crossbow":15,"minecraft:breeze_rod":14,"minecraft:golden_apple":1,"minecraft:emerald":124,"minecraft:golden_horse_armor":2,"minecraft:bread":1105,"minecraft:music_disc_precipice":3,"minecraft:oak_sapling":63,"minecraft:netherrack":1167,"minecraft:dark_oak_fence":5,"minecraft:diamond_pickaxe":1,"minecraft:waxed_oxidized_cut_copper":2,"minecraft:lingering_potion":1,"minecraft:coarse_dirt":1,"minecraft:crafting_table":9,"minecraft:ladder":3,"minecraft:ominous_bottle":1,"minecraft:splash_potion":1,"minecraft:chicken":8,"minecraft:nether_wart":60,"minecraft:brown_mushroom":10,"minecraft:shield":11,"minecraft:wind_charge":34,"minecraft:iron_axe":18,"minecraft:large_fern":1,"minecraft:flint_and_steel":1,"minecraft:iron_shovel":20,"minecraft:beef":26,"minecraft:oak_boat":68,"minecraft:iron_nugget":27,"minecraft:poppy":3,"minecraft:light_gray_wool":2,"minecraft:minecart":1,"minecraft:lectern":49,"minecraft:sugar_cane":70,"minecraft:chest":2,"minecraft:spruce_trapdoor":1,"minecraft:waxed_oxidized_copper":4,"minecraft:egg":6,"minecraft:raw_iron":34,"minecraft:polished_deepslate_slab":3,"minecraft:stone_button":1,"minecraft:carrot":1,"minecraft:redstone":69,"minecraft:music_disc_creator_music_box":5,"minecraft:iron_horse_armor":4,"minecraft:waxed_oxidized_chiseled_copper":1,"minecraft:arrow":957,"minecraft:stone_shovel":2,"minecraft:diamond_chestplate":13,"minecraft:decorated_pot":52,"minecraft:hay_block":31,"minecraft:tuff_bricks":17,"minecraft:mutton":40,"minecraft:bone_block":33,"minecraft:rail":1,"minecraft:white_wool":23,"minecraft:basalt":29,"minecraft:leather":13,"minecraft:birch_planks":4,"minecraft:waxed_copper_bulb":1,"minecraft:oak_log":339,"minecraft:waxed_copper_block":20,"minecraft:lily_pad":65,"minecraft:cobblestone_wall":7,"minecraft:gunpowder":9,"minecraft:cobblestone_stairs":5,"minecraft:blue_bed":6,"minecraft:paper":9,"minecraft:white_banner":11,"minecraft:cooked_mutton":33,"minecraft:apple":46,"minecraft:stone_bricks":95,"minecraft:iron_ingot":48,"minecraft:stone_pickaxe":9,"minecraft:cooked_chicken":1,"minecraft:glass_bottle":2,"minecraft:iron_sword":23,"minecraft:soul_sand":189,"minecraft:book":21,"minecraft:emerald_block":3,"minecraft:pumpkin":20,"minecraft:sweet_berries":19,"minecraft:quartz":87,"minecraft:dandelion":2,"minecraft:gravel":17,"minecraft:lava_bucket":1,"minecraft:spruce_sapling":19,"minecraft:spruce_log":76,"minecraft:spruce_door":6,"minecraft:spider_eye":26,"minecraft:polished_tuff":13,"minecraft:pumpkin_seeds":24,"minecraft:purple_bed":7,"minecraft:slime_ball":29,"minecraft:stone_axe":1,"minecraft:iron_helmet":7,"minecraft:gray_wool":5,"minecraft:oak_button":2,"minecraft:baked_potato":3,"minecraft:warped_nylium":1,"minecraft:chiseled_tuff_bricks":1,"minecraft:coal":99,"minecraft:ender_pearl":6},"minecraft:killed":{"minecraft:cave_spider":4,"minecraft:witch":3,"minecraft:spider":38,"minecraft:skeleton":36,"minecraft:bee":1,"minecraft:chicken":4,"minecraft:silverfish":9,"minecraft:magma_cube":13,"minecraft:pig":53,"minecraft:creeper":9,"minecraft:sheep":25,"minecraft:pillager":7,"minecraft:zombie":65,"minecraft:stray":4,"minecraft:blaze":2,"minecraft:cow":14,"minecraft:bogged":4,"minecraft:vindicator":2,"minecraft:slime":34,"minecraft:breeze":3,"minecraft:enderman":1},"minecraft:crafted":{"minecraft:oak_planks":1446,"minecraft:oak_sign":27,"minecraft:barrel":3,"minecraft:cooked_chicken":5,"minecraft:cooked_mutton":54,"minecraft:spruce_pressure_plate":1,"minecraft:quartz_block":21,"minecraft:glass":12,"minecraft:hopper":4,"minecraft:bow":1,"minecraft:iron_boots":1,"minecraft:chest":11,"minecraft:oak_button":6,"minecraft:rail":16,"minecraft:oak_fence":6,"minecraft:oak_slab":18,"minecraft:wooden_shovel":1,"minecraft:arrow":128,"minecraft:emerald":9,"minecraft:cooked_porkchop":16,"minecraft:crafting_table":3,"minecraft:wooden_pickaxe":1,"minecraft:iron_helmet":1,"minecraft:hopper_minecart":1,"minecraft:dispenser":1,"minecraft:stick":136,"minecraft:iron_ingot":129,"minecraft:iron_pickaxe":11,"minecraft:iron_block":43,"minecraft:stone_sword":4,"minecraft:redstone_torch":1,"minecraft:composter":1,"minecraft:wooden_sword":5,"minecraft:stone_shovel":3,"minecraft:stone_brick_wall":78,"minecraft:furnace":2,"minecraft:stone_button":1,"minecraft:bone_meal":99,"minecraft:oak_trapdoor":2,"minecraft:ladder":3,"minecraft:iron_hoe":2,"minecraft:stone_pickaxe":5,"minecraft:minecart":2,"minecraft:wheat":270,"minecraft:bone_block":11,"minecraft:powered_rail":6,"minecraft:iron_sword":3,"minecraft:leather_helmet":1,"minecraft:bucket":3,"minecraft:stone_axe":3,"minecraft:air":0,"minecraft:bread":91,"minecraft:oak_boat":7,"minecraft:oak_chest_boat":2,"minecraft:golden_apple":1,"minecraft:wooden_axe":1,"minecraft:iron_shovel":30,"minecraft:white_bed":5,"minecraft:torch":120},"minecraft:broken":{"minecraft:iron_shovel":29,"minecraft:wooden_shovel":1,"minecraft:iron_boots":1,"minecraft:iron_leggings":1,"minecraft:stone_pickaxe":4,"minecraft:wooden_sword":3,"minecraft:iron_sword":2,"minecraft:stone_shovel":2,"minecraft:leather_helmet":1,"minecraft:stone_sword":3,"minecraft:wooden_pickaxe":1,"minecraft:iron_axe":1,"minecraft:iron_pickaxe":4},"minecraft:used":{"minecraft:waxed_oxidized_copper_door":1,"minecraft:tuff_bricks":4,"minecraft:iron_shovel":7234,"minecraft:oak_sign":9,"minecraft:chest":6,"minecraft:shield":111,"minecraft:iron_sword":596,"minecraft:mutton":14,"minecraft:carrot":5,"minecraft:snowball":3,"minecraft:lava_bucket":3,"minecraft:stone_bricks":212,"minecraft:bow":67,"minecraft:sweet_berries":6,"minecraft:furnace":4,"minecraft:egg":1,"minecraft:oak_chest_boat":2,"minecraft:diorite":2,"minecraft:stone_pickaxe":565,"minecraft:oak_planks":13,"minecraft:wooden_pickaxe":59,"minecraft:blue_bed":5,"minecraft:white_wool":1,"minecraft:crossbow":20,"minecraft:lingering_potion":1,"minecraft:shears":9,"minecraft:polished_tuff":10,"minecraft:waxed_chiseled_copper":1,"minecraft:bread":157,"minecraft:string":2,"minecraft:lectern":49,"minecraft:chiseled_tuff_bricks":1,"minecraft:wooden_sword":215,"minecraft:smithing_table":9,"minecraft:andesite":78,"minecraft:oak_boat":68,"minecraft:waxed_copper_bulb":1,"minecraft:experience_bottle":1,"minecraft:stone_sword":483,"minecraft:stone_shovel":281,"minecraft:wooden_shovel":69,"minecraft:trial_key":10,"minecraft:cooked_chicken":5,"minecraft:netherrack":80,"minecraft:torch":96,"minecraft:brewing_stand":1,"minecraft:dirt":7143,"minecraft:hopper":1,"minecraft:granite":2,"minecraft:wooden_axe":43,"minecraft:iron_axe":399,"minecraft:barrel":3,"minecraft:basalt":8,"minecraft:cooked_beef":1,"minecraft:pumpkin":15,"minecraft:cooked_mutton":36,"minecraft:water_bucket":13,"minecraft:birch_planks":4,"minecraft:baked_potato":9,"minecraft:waxed_copper_block":13,"minecraft:mossy_cobblestone":1,"minecraft:polished_deepslate_slab":5,"minecraft:crafting_table":9,"minecraft:white_bed":5,"minecraft:spruce_log":1,"minecraft:oak_log":13,"minecraft:apple":15,"minecraft:wind_charge":8,"minecraft:chicken":2,"minecraft:iron_pickaxe":1272,"minecraft:oak_button":8,"minecraft:stone_axe":118,"minecraft:purple_bed":2,"minecraft:cobblestone":189,"minecraft:potion":2,"minecraft:porkchop":8,"minecraft:cooked_porkchop":6,"minecraft:bucket":19,"minecraft:splash_potion":1}},"DataVersion":3955}