{"stats":{"minecraft:dropped":{"minecraft:iron_sword":6,"minecraft:brown_mushroom":2,"minecraft:cooked_beef":15,"minecraft:glass_bottle":4,"minecraft:diamond":22,"minecraft:crafting_table":1,"minecraft:decorated_pot":51,"minecraft:crossbow":6,"minecraft:rail":1,"minecraft:flint":2,"minecraft:music_disc_creator_music_box":5,"minecraft:cobblestone_stairs":2,"minecraft:music_disc_13":1,"minecraft:dirt":6,"minecraft:waxed_oxidized_chiseled_copper":1,"minecraft:dark_oak_fence":5,"minecraft:music_disc_precipice":3,"minecraft:sand":4,"minecraft:glistering_melon_slice":6,"minecraft:sugar":2,"minecraft:iron_pickaxe":5,"minecraft:white_wool":5,"minecraft:blue_bed":2,"minecraft:bone":47,"minecraft:gravel":12,"minecraft:stone_axe":3,"minecraft:emerald_block":2,"minecraft:golden_chestplate":2,"minecraft:cobbled_deepslate":165,"minecraft:obsidian":1,"minecraft:rotten_flesh":29,"minecraft:oak_planks":12,"minecraft:honey_bottle":5,"minecraft:waxed_copper_block":6,"minecraft:warped_planks":192,"minecraft:wind_charge":10,"minecraft:poppy":2,"minecraft:tipped_arrow":34,"minecraft:red_candle":3,"minecraft:gunpowder":7,"minecraft:stone_brick_wall":18,"minecraft:breeze_rod":4,"minecraft:iron_bars":1,"minecraft:arrow":63,"minecraft:netherrack":1,"minecraft:bread":96,"minecraft:enchanted_book":1,"minecraft:water_bucket":2,"minecraft:iron_ingot":2,"minecraft:mossy_cobblestone":1,"minecraft:smithing_table":2,"minecraft:iron_helmet":2,"minecraft:oak_fence":1,"minecraft:feather":6,"minecraft:cobblestone":162,"minecraft:polished_tuff":1,"minecraft:amethyst_block":4,"minecraft:granite":5,"minecraft:spruce_door":1,"minecraft:coal":1,"minecraft:stick":27,"minecraft:gray_wool":4,"minecraft:diorite":8,"minecraft:torch":2,"minecraft:wooden_axe":1,"minecraft:brown_wool":1,"minecraft:waxed_oxidized_copper":4,"minecraft:iron_leggings":1,"minecraft:pumpkin":2,"minecraft:white_banner":3,"minecraft:iron_axe":4,"minecraft:iron_shovel":4,"minecraft:string":113,"minecraft:lily_pad":8,"minecraft:bucket":9,"minecraft:polished_deepslate":1,"minecraft:dandelion":1,"minecraft:spruce_sapling":8,"minecraft:tuff_bricks":13,"minecraft:sweet_berries":10,"minecraft:warped_nylium":1,"minecraft:coarse_dirt":1,"minecraft:stone_sword":3,"minecraft:cobblestone_wall":3,"minecraft:stone_shovel":1,"minecraft:light_gray_wool":1,"minecraft:iron_boots":3,"minecraft:name_tag":3,"minecraft:oak_sign":18,"minecraft:pumpkin_seeds":12,"minecraft:shield":4,"minecraft:trial_key":4,"minecraft:spruce_planks":9,"minecraft:iron_chestplate":1,"minecraft:diamond_pickaxe":1,"minecraft:andesite":20,"minecraft:purple_bed":3,"minecraft:golden_leggings":3,"minecraft:oak_boat":1,"minecraft:oak_sapling":46,"minecraft:waxed_oxidized_cut_copper":2,"minecraft:golden_sword":2,"minecraft:spider_eye":20,"minecraft:spruce_log":16,"minecraft:bow":14,"minecraft:stone_pickaxe":3},"minecraft:custom":{"minecraft:interact_with_crafting_table":131,"minecraft:open_barrel":14,"minecraft:bell_ring":4,"minecraft:leave_game":9,"minecraft:time_since_death":190604,"minecraft:sprint_one_cm":2566483,"minecraft:damage_blocked_by_shield":4130,"minecraft:drop":323,"minecraft:talked_to_villager":147,"minecraft:play_time":1112433,"minecraft:deaths":12,"minecraft:jump":8414,"minecraft:walk_on_water_one_cm":230106,"minecraft:interact_with_furnace":127,"minecraft:traded_with_villager":17,"minecraft:interact_with_cartography_table":1,"minecraft:sleep_in_bed":19,"minecraft:damage_dealt":43354,"minecraft:player_kills":1,"minecraft:crouch_one_cm":121125,"minecraft:interact_with_smoker":9,"minecraft:interact_with_smithing_table":5,"minecraft:inspect_dispenser":4,"minecraft:interact_with_anvil":9,"minecraft:mob_kills":344,"minecraft:inspect_hopper":2,"minecraft:climb_one_cm":15404,"minecraft:walk_one_cm":3326593,"minecraft:sneak_time":36764,"minecraft:walk_under_water_one_cm":85162,"minecraft:boat_one_cm":1651648,"minecraft:interact_with_blast_furnace":5,"minecraft:total_world_time":1112433,"minecraft:time_since_rest":99392,"minecraft:damage_taken":14108,"minecraft:swim_one_cm":60777,"minecraft:fly_one_cm":1491635,"minecraft:open_chest":949,"minecraft:fall_one_cm":141352},"minecraft:killed_by":{"minecraft:zombie_villager":2,"minecraft:vindicator":2,"minecraft:blaze":1,"minecraft:zombie":1,"minecraft:vex":2,"minecraft:player":2,"minecraft:skeleton":1},"minecraft:mined":{"minecraft:farmland":1,"minecraft:cobblestone_stairs":5,"minecraft:brewing_stand":1,"minecraft:spruce_trapdoor":2,"minecraft:granite":2,"minecraft:stone_brick_wall":5,"minecraft:grass_block":2422,"minecraft:soul_soil":11,"minecraft:chiseled_tuff_bricks":1,"minecraft:hopper":2,"minecraft:tuff_bricks":12,"minecraft:nether_wart":20,"minecraft:tall_seagrass":68,"minecraft:iron_ore":35,"minecraft:barrel":1,"minecraft:fire":2,"minecraft:polished_tuff":13,"minecraft:pumpkin":18,"minecraft:dirt_path":26,"minecraft:brown_mushroom":6,"minecraft:powder_snow":17,"minecraft:torch":28,"minecraft:blast_furnace":26,"minecraft:chest":3,"minecraft:dead_bush":10,"minecraft:nether_quartz_ore":89,"minecraft:cobblestone":89,"minecraft:oak_planks":5,"minecraft:sugar_cane":29,"minecraft:waxed_chiseled_copper":1,"minecraft:wall_torch":6,"minecraft:amethyst_block":4,"minecraft:seagrass":17,"minecraft:waxed_copper_bulb":1,"minecraft:red_candle":2,"minecraft:wheat":159,"minecraft:waxed_copper_block":14,"minecraft:oak_log":322,"minecraft:waxed_oxidized_copper":1,"minecraft:waxed_oxidized_copper_door":1,"minecraft:sand":13,"minecraft:dirt":4588,"minecraft:dispenser":2,"minecraft:netherrack":49,"minecraft:deepslate":108,"minecraft:oak_leaves":215,"minecraft:mossy_cobblestone":8,"minecraft:waxed_oxidized_chiseled_copper":1,"minecraft:dark_oak_fence":9,"minecraft:decorated_pot":45,"minecraft:spruce_leaves":98,"minecraft:large_fern":6,"minecraft:hay_block":29,"minecraft:oak_trapdoor":1,"minecraft:waxed_oxidized_cut_copper":1,"minecraft:furnace":2,"minecraft:snow":17,"minecraft:andesite":362,"minecraft:polished_deepslate":28,"minecraft:bookshelf":7,"minecraft:vine":23,"minecraft:rail":6,"minecraft:warped_stem":80,"minecraft:stone":844,"minecraft:bone_block":11,"minecraft:smithing_table":10,"minecraft:soul_sand":64,"minecraft:basalt":3,"minecraft:stone_brick_slab":1,"minecraft:dandelion":1,"minecraft:spruce_door":6,"minecraft:oak_fence":6,"minecraft:crafting_table":10,"minecraft:short_grass":674,"minecraft:warped_roots":1,"minecraft:lectern":50,"minecraft:copper_ore":31,"minecraft:tall_grass":1,"minecraft:lily_pad":80,"minecraft:diorite":11,"minecraft:blue_bed":7,"minecraft:warped_wart_block":1,"minecraft:purple_bed":6,"minecraft:birch_planks":4,"minecraft:coarse_dirt":1,"minecraft:cobblestone_wall":10,"minecraft:sweet_berry_bush":12,"minecraft:birch_leaves":5,"minecraft:spruce_log":61,"minecraft:bee_nest":1,"minecraft:coal_ore":89,"minecraft:flower_pot":1,"minecraft:gravel":10,"minecraft:cobweb":38,"minecraft:oak_button":1,"minecraft:stone_bricks":109,"minecraft:fern":3},"minecraft:picked_up":{"minecraft:iron_chestplate":1,"minecraft:wheat":160,"minecraft:smithing_table":11,"minecraft:potion":2,"minecraft:enchanted_book":4,"minecraft:brewing_stand":1,"minecraft:golden_sword":1,"minecraft:amethyst_block":4,"minecraft:polished_deepslate":30,"minecraft:string":163,"minecraft:soul_soil":24,"minecraft:raw_copper":156,"minecraft:iron_leggings":7,"minecraft:red_candle":3,"minecraft:cobbled_deepslate":165,"minecraft:bucket":9,"minecraft:spruce_planks":13,"minecraft:trial_key":18,"minecraft:waxed_oxidized_copper_door":1,"minecraft:redstone_torch":1,"minecraft:iron_pickaxe":56,"minecraft:iron_boots":13,"minecraft:furnace":2,"minecraft:spruce_pressure_plate":1,"minecraft:tipped_arrow":70,"minecraft:stick":325,"minecraft:oak_fence":8,"minecraft:torch":167,"minecraft:porkchop":123,"minecraft:diorite":32,"minecraft:warped_planks":64,"minecraft:golden_chestplate":1,"minecraft:quartz_block":16,"minecraft:stone_sword":8,"minecraft:honey_bottle":5,"minecraft:rotten_flesh":73,"minecraft:obsidian":1,"minecraft:iron_bars":1,"minecraft:snowball":16,"minecraft:cobblestone":919,"minecraft:feather":13,"minecraft:cooked_beef":86,"minecraft:water_bucket":6,"minecraft:andesite":482,"minecraft:brown_wool":1,"minecraft:golden_leggings":2,"minecraft:flint":2,"minecraft:lapis_lazuli":42,"minecraft:dirt":7082,"minecraft:name_tag":2,"minecraft:glass":1,"minecraft:bone":73,"minecraft:bow":20,"minecraft:wheat_seeds":396,"minecraft:guster_banner_pattern":2,"minecraft:powered_rail":6,"minecraft:oak_planks":15,"minecraft:honeycomb":14,"minecraft:cooked_porkchop":113,"minecraft:warped_wart_block":1,"minecraft:waxed_chiseled_copper":1,"minecraft:sand":9,"minecraft:mossy_cobblestone":9,"minecraft:dispenser":3,"minecraft:sugar":4,"minecraft:diamond":26,"minecraft:spruce_boat":1,"minecraft:granite":33,"minecraft:crossbow":15,"minecraft:breeze_rod":14,"minecraft:golden_apple":1,"minecraft:emerald":124,"minecraft:golden_horse_armor":2,"minecraft:bread":1105,"minecraft:music_disc_precipice":3,"minecraft:oak_sapling":63,"minecraft:netherrack":1167,"minecraft:dark_oak_fence":5,"minecraft:diamond_pickaxe":1,"minecraft:waxed_oxidized_cut_copper":2,"minecraft:lingering_potion":1,"minecraft:coarse_dirt":1,"minecraft:crafting_table":9,"minecraft:chicken":8,"minecraft:ominous_bottle":1,"minecraft:splash_potion":1,"minecraft:ladder":3,"minecraft:nether_wart":60,"minecraft:brown_mushroom":11,"minecraft:stone_brick_wall":5,"minecraft:shield":11,"minecraft:wind_charge":34,"minecraft:oak_trapdoor":1,"minecraft:iron_axe":18,"minecraft:large_fern":1,"minecraft:flint_and_steel":1,"minecraft:iron_shovel":21,"minecraft:beef":26,"minecraft:oak_boat":75,"minecraft:iron_nugget":27,"minecraft:poppy":5,"minecraft:light_gray_wool":2,"minecraft:minecart":2,"minecraft:lectern":49,"minecraft:sugar_cane":70,"minecraft:chest":3,"minecraft:phantom_membrane":1,"minecraft:spruce_trapdoor":1,"minecraft:waxed_oxidized_copper":4,"minecraft:egg":6,"minecraft:raw_iron":34,"minecraft:polished_deepslate_slab":3,"minecraft:stone_button":1,"minecraft:carrot":1,"minecraft:redstone":69,"minecraft:music_disc_creator_music_box":5,"minecraft:iron_horse_armor":4,"minecraft:waxed_oxidized_chiseled_copper":1,"minecraft:arrow":957,"minecraft:stone_shovel":2,"minecraft:diamond_chestplate":13,"minecraft:decorated_pot":52,"minecraft:hay_block":31,"minecraft:tuff_bricks":17,"minecraft:mutton":40,"minecraft:bone_block":33,"minecraft:rail":6,"minecraft:white_wool":23,"minecraft:basalt":29,"minecraft:leather":13,"minecraft:birch_planks":4,"minecraft:waxed_copper_bulb":1,"minecraft:oak_log":339,"minecraft:waxed_copper_block":20,"minecraft:lily_pad":65,"minecraft:cobblestone_wall":7,"minecraft:gunpowder":9,"minecraft:cobblestone_stairs":5,"minecraft:blue_bed":6,"minecraft:paper":9,"minecraft:white_banner":11,"minecraft:cooked_mutton":33,"minecraft:apple":46,"minecraft:stone_bricks":124,"minecraft:warped_stem":78,"minecraft:iron_ingot":51,"minecraft:stone_pickaxe":9,"minecraft:cooked_chicken":1,"minecraft:glass_bottle":2,"minecraft:iron_sword":23,"minecraft:soul_sand":189,"minecraft:book":21,"minecraft:emerald_block":3,"minecraft:pumpkin":20,"minecraft:sweet_berries":19,"minecraft:stone_brick_slab":1,"minecraft:dandelion":2,"minecraft:quartz":87,"minecraft:gravel":17,"minecraft:lava_bucket":1,"minecraft:spruce_sapling":19,"minecraft:blast_furnace":26,"minecraft:spruce_log":76,"minecraft:spruce_door":6,"minecraft:spider_eye":26,"minecraft:polished_tuff":13,"minecraft:pumpkin_seeds":24,"minecraft:purple_bed":7,"minecraft:slime_ball":29,"minecraft:stone_axe":1,"minecraft:iron_helmet":7,"minecraft:gray_wool":5,"minecraft:warped_roots":1,"minecraft:oak_button":2,"minecraft:baked_potato":3,"minecraft:warped_nylium":1,"minecraft:coal":131,"minecraft:chiseled_tuff_bricks":1,"minecraft:hopper":2,"minecraft:ender_pearl":6},"minecraft:killed":{"minecraft:cave_spider":4,"minecraft:witch":3,"minecraft:spider":38,"minecraft:skeleton":36,"minecraft:bee":1,"minecraft:chicken":4,"minecraft:silverfish":9,"minecraft:magma_cube":15,"minecraft:pig":53,"minecraft:iron_golem":1,"minecraft:creeper":9,"minecraft:sheep":25,"minecraft:pillager":7,"minecraft:zombie":66,"minecraft:stray":4,"minecraft:blaze":2,"minecraft:cow":14,"minecraft:bogged":4,"minecraft:vindicator":2,"minecraft:slime":34,"minecraft:phantom":2,"minecraft:breeze":3,"minecraft:villager":2,"minecraft:enderman":1},"minecraft:crafted":{"minecraft:oak_planks":1446,"minecraft:barrel":3,"minecraft:oak_sign":27,"minecraft:cooked_chicken":5,"minecraft:cooked_mutton":54,"minecraft:spruce_pressure_plate":1,"minecraft:warped_planks":300,"minecraft:quartz_block":21,"minecraft:glass":12,"minecraft:hopper":8,"minecraft:bow":1,"minecraft:iron_boots":1,"minecraft:chest":15,"minecraft:oak_button":6,"minecraft:rail":16,"minecraft:oak_fence":6,"minecraft:oak_slab":18,"minecraft:wooden_shovel":1,"minecraft:arrow":128,"minecraft:emerald":9,"minecraft:cooked_porkchop":16,"minecraft:crafting_table":3,"minecraft:wooden_pickaxe":1,"minecraft:iron_helmet":1,"minecraft:smithing_table":1,"minecraft:hopper_minecart":1,"minecraft:dispenser":1,"minecraft:warped_fence_gate":14,"minecraft:stick":196,"minecraft:iron_ingot":174,"minecraft:iron_pickaxe":11,"minecraft:iron_block":114,"minecraft:stone_sword":4,"minecraft:redstone_torch":1,"minecraft:composter":1,"minecraft:wooden_sword":5,"minecraft:stone_shovel":3,"minecraft:stone_brick_wall":78,"minecraft:furnace":2,"minecraft:stone_button":1,"minecraft:bone_meal":99,"minecraft:warped_trapdoor":34,"minecraft:oak_trapdoor":2,"minecraft:iron_axe":2,"minecraft:ladder":3,"minecraft:iron_hoe":2,"minecraft:stone_pickaxe":5,"minecraft:minecart":3,"minecraft:wheat":270,"minecraft:bone_block":11,"minecraft:powered_rail":6,"minecraft:iron_sword":3,"minecraft:leather_helmet":1,"minecraft:bucket":5,"minecraft:stone_axe":3,"minecraft:air":0,"minecraft:bread":116,"minecraft:oak_boat":9,"minecraft:oak_chest_boat":2,"minecraft:golden_apple":1,"minecraft:wooden_axe":1,"minecraft:iron_shovel":30,"minecraft:white_bed":5,"minecraft:torch":120},"minecraft:broken":{"minecraft:iron_shovel":29,"minecraft:wooden_shovel":1,"minecraft:iron_boots":1,"minecraft:iron_leggings":1,"minecraft:stone_pickaxe":4,"minecraft:wooden_sword":3,"minecraft:iron_sword":2,"minecraft:stone_shovel":2,"minecraft:leather_helmet":1,"minecraft:stone_sword":3,"minecraft:wooden_pickaxe":1,"minecraft:iron_axe":1,"minecraft:iron_pickaxe":6},"minecraft:used":{"minecraft:waxed_oxidized_copper_door":1,"minecraft:tuff_bricks":4,"minecraft:iron_shovel":7384,"minecraft:polished_deepslate":15,"minecraft:oak_sign":9,"minecraft:chest":9,"minecraft:shield":111,"minecraft:iron_sword":632,"minecraft:mutton":14,"minecraft:carrot":5,"minecraft:snowball":3,"minecraft:lava_bucket":3,"minecraft:hopper_minecart":1,"minecraft:stone_bricks":242,"minecraft:bow":67,"minecraft:sweet_berries":6,"minecraft:furnace":4,"minecraft:egg":1,"minecraft:oak_chest_boat":2,"minecraft:diorite":2,"minecraft:stone_pickaxe":565,"minecraft:oak_planks":13,"minecraft:wooden_pickaxe":59,"minecraft:composter":1,"minecraft:blue_bed":5,"minecraft:white_wool":1,"minecraft:blast_furnace":26,"minecraft:crossbow":20,"minecraft:stone_brick_wall":34,"minecraft:lingering_potion":1,"minecraft:shears":9,"minecraft:polished_tuff":10,"minecraft:waxed_chiseled_copper":1,"minecraft:bread":184,"minecraft:string":2,"minecraft:lectern":49,"minecraft:chiseled_tuff_bricks":1,"minecraft:wooden_sword":215,"minecraft:smithing_table":9,"minecraft:andesite":78,"minecraft:oak_fence":11,"minecraft:oak_trapdoor":3,"minecraft:oak_boat":74,"minecraft:waxed_copper_bulb":1,"minecraft:experience_bottle":1,"minecraft:stone_sword":483,"minecraft:stone_shovel":281,"minecraft:wooden_shovel":69,"minecraft:trial_key":10,"minecraft:cooked_chicken":5,"minecraft:netherrack":80,"minecraft:torch":104,"minecraft:brewing_stand":1,"minecraft:dirt":7206,"minecraft:hopper":5,"minecraft:granite":2,"minecraft:iron_hoe":416,"minecraft:stone_brick_slab":4,"minecraft:wooden_axe":43,"minecraft:iron_axe":485,"minecraft:barrel":3,"minecraft:basalt":8,"minecraft:minecart":1,"minecraft:cooked_beef":1,"minecraft:pumpkin":15,"minecraft:wheat_seeds":161,"minecraft:cooked_mutton":36,"minecraft:water_bucket":14,"minecraft:warped_stem":3,"minecraft:birch_planks":4,"minecraft:baked_potato":9,"minecraft:waxed_copper_block":13,"minecraft:mossy_cobblestone":1,"minecraft:polished_deepslate_slab":5,"minecraft:rail":6,"minecraft:crafting_table":9,"minecraft:white_bed":5,"minecraft:spruce_log":1,"minecraft:oak_log":13,"minecraft:apple":15,"minecraft:wind_charge":8,"minecraft:chicken":2,"minecraft:iron_pickaxe":1400,"minecraft:oak_button":8,"minecraft:stone_axe":118,"minecraft:purple_bed":2,"minecraft:cobblestone":211,"minecraft:potion":2,"minecraft:porkchop":8,"minecraft:cooked_porkchop":6,"minecraft:bucket":20,"minecraft:splash_potion":1}},"DataVersion":3955}