{"stats":{"minecraft:crafted":{"minecraft:wooden_sword":5,"minecraft:oak_planks":150,"minecraft:stone_shovel":3,"minecraft:cooked_chicken":5,"minecraft:furnace":2,"minecraft:cooked_mutton":30,"minecraft:stone_pickaxe":5,"minecraft:chest":2,"minecraft:wheat":270,"minecraft:wooden_shovel":1,"minecraft:cooked_porkchop":16,"minecraft:crafting_table":3,"minecraft:wooden_pickaxe":1,"minecraft:leather_helmet":1,"minecraft:stone_axe":2,"minecraft:bread":64,"minecraft:air":0,"minecraft:stick":32,"minecraft:iron_pickaxe":1,"minecraft:wooden_axe":1,"minecraft:stone_sword":4,"minecraft:white_bed":2},"minecraft:broken":{"minecraft:leather_helmet":1,"minecraft:wooden_shovel":1,"minecraft:stone_sword":3,"minecraft:wooden_pickaxe":1,"minecraft:stone_pickaxe":3,"minecraft:wooden_sword":3},"minecraft:dropped":{"minecraft:iron_ingot":2,"minecraft:cooked_beef":15,"minecraft:glass_bottle":3,"minecraft:crafting_table":1,"minecraft:decorated_pot":17,"minecraft:oak_fence":1,"minecraft:feather":6,"minecraft:cobblestone":27,"minecraft:polished_tuff":1,"minecraft:amethyst_block":4,"minecraft:coal":1,"minecraft:music_disc_creator_music_box":1,"minecraft:stick":2,"minecraft:music_disc_13":1,"minecraft:dirt":1,"minecraft:gray_wool":4,"minecraft:diorite":8,"minecraft:dark_oak_fence":2,"minecraft:wooden_axe":1,"minecraft:brown_wool":1,"minecraft:pumpkin":2,"minecraft:iron_axe":1,"minecraft:string":12,"minecraft:white_wool":4,"minecraft:bucket":3,"minecraft:dandelion":1,"minecraft:bone":38,"minecraft:gravel":2,"minecraft:stone_axe":3,"minecraft:tuff_bricks":3,"minecraft:emerald_block":1,"minecraft:stone_sword":3,"minecraft:cobbled_deepslate":14,"minecraft:stone_shovel":1,"minecraft:rotten_flesh":5,"minecraft:light_gray_wool":1,"minecraft:oak_planks":12,"minecraft:honey_bottle":1,"minecraft:waxed_copper_block":5,"minecraft:wind_charge":6,"minecraft:poppy":2,"minecraft:tipped_arrow":7,"minecraft:red_candle":3,"minecraft:gunpowder":6,"minecraft:trial_key":4,"minecraft:oak_sapling":1,"minecraft:spider_eye":2,"minecraft:arrow":63,"minecraft:bow":7,"minecraft:stone_pickaxe":2,"minecraft:netherrack":1},"minecraft:killed_by":{"minecraft:player":1,"minecraft:zombie":1},"minecraft:used":{"minecraft:waxed_oxidized_copper_door":1,"minecraft:tuff_bricks":4,"minecraft:stone_sword":416,"minecraft:stone_shovel":4,"minecraft:chest":2,"minecraft:shield":33,"minecraft:wooden_shovel":69,"minecraft:cooked_chicken":5,"minecraft:trial_key":6,"minecraft:brewing_stand":1,"minecraft:dirt":26,"minecraft:mutton":14,"minecraft:carrot":4,"minecraft:granite":2,"minecraft:snowball":3,"minecraft:wooden_axe":43,"minecraft:iron_axe":65,"minecraft:bow":49,"minecraft:furnace":4,"minecraft:egg":1,"minecraft:pumpkin":15,"minecraft:cooked_mutton":36,"minecraft:diorite":2,"minecraft:birch_planks":4,"minecraft:oak_planks":7,"minecraft:stone_pickaxe":378,"minecraft:wooden_pickaxe":59,"minecraft:waxed_copper_block":8,"minecraft:white_wool":1,"minecraft:crafting_table":8,"minecraft:white_bed":2,"minecraft:lingering_potion":1,"minecraft:shears":9,"minecraft:polished_tuff":10,"minecraft:waxed_chiseled_copper":1,"minecraft:apple":6,"minecraft:wind_charge":4,"minecraft:chicken":2,"minecraft:bread":30,"minecraft:string":2,"minecraft:oak_button":1,"minecraft:chiseled_tuff_bricks":1,"minecraft:wooden_sword":215,"minecraft:cobblestone":142,"minecraft:potion":2,"minecraft:cooked_porkchop":4,"minecraft:porkchop":8,"minecraft:andesite":17,"minecraft:experience_bottle":1,"minecraft:waxed_copper_bulb":1},"minecraft:picked_up":{"minecraft:lingering_potion":1,"minecraft:crafting_table":8,"minecraft:wheat":60,"minecraft:chicken":8,"minecraft:enchanted_book":4,"minecraft:potion":2,"minecraft:brewing_stand":1,"minecraft:shield":3,"minecraft:amethyst_block":4,"minecraft:wind_charge":10,"minecraft:string":16,"minecraft:raw_copper":31,"minecraft:iron_axe":4,"minecraft:flint_and_steel":1,"minecraft:red_candle":3,"minecraft:cobbled_deepslate":14,"minecraft:bucket":3,"minecraft:beef":6,"minecraft:trial_key":9,"minecraft:waxed_oxidized_copper_door":1,"minecraft:iron_nugget":27,"minecraft:poppy":3,"minecraft:iron_pickaxe":1,"minecraft:light_gray_wool":2,"minecraft:sugar_cane":68,"minecraft:furnace":2,"minecraft:iron_boots":3,"minecraft:egg":6,"minecraft:tipped_arrow":19,"minecraft:raw_iron":34,"minecraft:stick":16,"minecraft:oak_fence":2,"minecraft:porkchop":78,"minecraft:diorite":10,"minecraft:music_disc_creator_music_box":1,"minecraft:stone_shovel":2,"minecraft:stone_sword":8,"minecraft:diamond_chestplate":3,"minecraft:arrow":225,"minecraft:honey_bottle":1,"minecraft:rotten_flesh":28,"minecraft:decorated_pot":18,"minecraft:hay_block":31,"minecraft:tuff_bricks":7,"minecraft:rail":1,"minecraft:mutton":40,"minecraft:snowball":16,"minecraft:white_wool":23,"minecraft:cobblestone":208,"minecraft:feather":13,"minecraft:cooked_beef":21,"minecraft:andesite":17,"minecraft:leather":5,"minecraft:brown_wool":1,"minecraft:birch_planks":4,"minecraft:waxed_copper_bulb":1,"minecraft:oak_log":38,"minecraft:waxed_copper_block":14,"minecraft:gunpowder":4,"minecraft:dirt":39,"minecraft:paper":9,"minecraft:cooked_mutton":9,"minecraft:bone":42,"minecraft:apple":13,"minecraft:bow":10,"minecraft:wheat_seeds":5,"minecraft:iron_ingot":10,"minecraft:stone_pickaxe":8,"minecraft:guster_banner_pattern":2,"minecraft:glass_bottle":1,"minecraft:honeycomb":14,"minecraft:oak_planks":9,"minecraft:emerald_block":1,"minecraft:cooked_porkchop":3,"minecraft:pumpkin":20,"minecraft:dandelion":2,"minecraft:waxed_chiseled_copper":1,"minecraft:gravel":7,"minecraft:spider_eye":3,"minecraft:polished_tuff":13,"minecraft:sugar":2,"minecraft:pumpkin_seeds":24,"minecraft:dispenser":2,"minecraft:diamond":4,"minecraft:stone_axe":1,"minecraft:granite":2,"minecraft:breeze_rod":10,"minecraft:gray_wool":5,"minecraft:dark_oak_fence":2,"minecraft:bread":70,"minecraft:emerald":54,"minecraft:oak_button":1,"minecraft:oak_sapling":5,"minecraft:netherrack":1,"minecraft:coal":76,"minecraft:chiseled_tuff_bricks":1,"minecraft:ender_pearl":2},"minecraft:killed":{"minecraft:spider":8,"minecraft:skeleton":18,"minecraft:bee":1,"minecraft:chicken":4,"minecraft:pig":33,"minecraft:creeper":1,"minecraft:sheep":25,"minecraft:pillager":5,"minecraft:zombie":31,"minecraft:stray":4,"minecraft:breeze":3,"minecraft:cow":3},"minecraft:custom":{"minecraft:mob_kills":139,"minecraft:interact_with_crafting_table":22,"minecraft:open_barrel":2,"minecraft:leave_game":3,"minecraft:time_since_death":34183,"minecraft:climb_one_cm":8055,"minecraft:sprint_one_cm":494681,"minecraft:walk_one_cm":752866,"minecraft:damage_blocked_by_shield":830,"minecraft:drop":99,"minecraft:talked_to_villager":21,"minecraft:play_time":193671,"minecraft:deaths":2,"minecraft:sneak_time":2984,"minecraft:walk_under_water_one_cm":32840,"minecraft:boat_one_cm":133165,"minecraft:jump":2257,"minecraft:walk_on_water_one_cm":58489,"minecraft:total_world_time":193671,"minecraft:interact_with_furnace":50,"minecraft:interact_with_cartography_table":1,"minecraft:time_since_rest":34266,"minecraft:damage_taken":6175,"minecraft:damage_dealt":17193,"minecraft:fly_one_cm":251680,"minecraft:swim_one_cm":13463,"minecraft:player_kills":1,"minecraft:open_chest":58,"minecraft:crouch_one_cm":3324,"minecraft:fall_one_cm":73291,"minecraft:inspect_dispenser":4},"minecraft:mined":{"minecraft:brewing_stand":1,"minecraft:dark_oak_fence":9,"minecraft:granite":2,"minecraft:grass_block":19,"minecraft:decorated_pot":11,"minecraft:spruce_leaves":10,"minecraft:chiseled_tuff_bricks":1,"minecraft:tuff_bricks":8,"minecraft:large_fern":1,"minecraft:hay_block":29,"minecraft:furnace":2,"minecraft:iron_ore":35,"minecraft:barrel":1,"minecraft:snow":17,"minecraft:polished_tuff":13,"minecraft:andesite":19,"minecraft:pumpkin":18,"minecraft:rail":1,"minecraft:stone":205,"minecraft:dandelion":1,"minecraft:powder_snow":17,"minecraft:oak_fence":1,"minecraft:crafting_table":8,"minecraft:short_grass":26,"minecraft:dead_bush":1,"minecraft:copper_ore":6,"minecraft:cobblestone":2,"minecraft:tall_grass":1,"minecraft:lily_pad":1,"minecraft:waxed_chiseled_copper":1,"minecraft:sugar_cane":28,"minecraft:diorite":10,"minecraft:amethyst_block":4,"minecraft:birch_planks":4,"minecraft:waxed_copper_bulb":1,"minecraft:red_candle":2,"minecraft:birch_leaves":5,"minecraft:waxed_copper_block":9,"minecraft:bee_nest":1,"minecraft:coal_ore":75,"minecraft:oak_log":41,"minecraft:flower_pot":1,"minecraft:waxed_oxidized_copper_door":1,"minecraft:gravel":8,"minecraft:dirt":23,"minecraft:dispenser":1,"minecraft:netherrack":1,"minecraft:fern":1,"minecraft:oak_leaves":16,"minecraft:deepslate":14}},"DataVersion":3955}