{"stats":{"minecraft:dropped":{"minecraft:iron_ingot":2,"minecraft:brown_mushroom":2,"minecraft:cooked_beef":15,"minecraft:glass_bottle":3,"minecraft:crafting_table":1,"minecraft:decorated_pot":17,"minecraft:oak_fence":1,"minecraft:feather":6,"minecraft:cobblestone":125,"minecraft:polished_tuff":1,"minecraft:amethyst_block":4,"minecraft:granite":5,"minecraft:rail":1,"minecraft:coal":1,"minecraft:music_disc_creator_music_box":1,"minecraft:music_disc_13":1,"minecraft:stick":2,"minecraft:dirt":6,"minecraft:gray_wool":4,"minecraft:diorite":8,"minecraft:dark_oak_fence":5,"minecraft:torch":2,"minecraft:wooden_axe":1,"minecraft:brown_wool":1,"minecraft:pumpkin":2,"minecraft:iron_axe":1,"minecraft:iron_shovel":2,"minecraft:string":17,"minecraft:lily_pad":7,"minecraft:white_wool":5,"minecraft:bucket":3,"minecraft:dandelion":1,"minecraft:bone":38,"minecraft:gravel":2,"minecraft:stone_axe":3,"minecraft:tuff_bricks":3,"minecraft:emerald_block":1,"minecraft:coarse_dirt":1,"minecraft:stone_sword":3,"minecraft:cobbled_deepslate":14,"minecraft:stone_shovel":1,"minecraft:rotten_flesh":16,"minecraft:light_gray_wool":1,"minecraft:oak_planks":12,"minecraft:name_tag":1,"minecraft:honey_bottle":1,"minecraft:waxed_copper_block":5,"minecraft:pumpkin_seeds":12,"minecraft:wind_charge":6,"minecraft:poppy":2,"minecraft:tipped_arrow":7,"minecraft:red_candle":3,"minecraft:gunpowder":6,"minecraft:trial_key":4,"minecraft:andesite":16,"minecraft:oak_sapling":46,"minecraft:spider_eye":2,"minecraft:arrow":63,"minecraft:bow":7,"minecraft:stone_pickaxe":3,"minecraft:netherrack":1},"minecraft:custom":{"minecraft:interact_with_smithing_table":1,"minecraft:interact_with_anvil":1,"minecraft:mob_kills":200,"minecraft:interact_with_crafting_table":40,"minecraft:open_barrel":2,"minecraft:leave_game":5,"minecraft:time_since_death":262117,"minecraft:climb_one_cm":10578,"minecraft:sprint_one_cm":861934,"minecraft:walk_one_cm":1420314,"minecraft:damage_blocked_by_shield":1190,"minecraft:drop":132,"minecraft:talked_to_villager":22,"minecraft:play_time":421605,"minecraft:sneak_time":18097,"minecraft:deaths":2,"minecraft:walk_under_water_one_cm":43229,"minecraft:boat_one_cm":307238,"minecraft:jump":3709,"minecraft:interact_with_blast_furnace":1,"minecraft:walk_on_water_one_cm":115021,"minecraft:total_world_time":421605,"minecraft:interact_with_furnace":81,"minecraft:interact_with_cartography_table":1,"minecraft:sleep_in_bed":8,"minecraft:time_since_rest":6791,"minecraft:damage_taken":7457,"minecraft:damage_dealt":25289,"minecraft:player_kills":1,"minecraft:swim_one_cm":35943,"minecraft:fly_one_cm":478564,"minecraft:open_chest":241,"minecraft:crouch_one_cm":52444,"minecraft:fall_one_cm":87422,"minecraft:interact_with_smoker":1,"minecraft:inspect_dispenser":4},"minecraft:broken":{"minecraft:leather_helmet":1,"minecraft:iron_shovel":18,"minecraft:wooden_shovel":1,"minecraft:stone_sword":3,"minecraft:iron_boots":1,"minecraft:wooden_pickaxe":1,"minecraft:stone_pickaxe":4,"minecraft:iron_axe":1,"minecraft:wooden_sword":3,"minecraft:iron_pickaxe":1,"minecraft:stone_shovel":2},"minecraft:used":{"minecraft:tuff_bricks":4,"minecraft:waxed_oxidized_copper_door":1,"minecraft:stone_sword":483,"minecraft:iron_shovel":4689,"minecraft:stone_shovel":281,"minecraft:chest":2,"minecraft:shield":52,"minecraft:iron_sword":184,"minecraft:wooden_shovel":69,"minecraft:cooked_chicken":5,"minecraft:trial_key":6,"minecraft:torch":47,"minecraft:brewing_stand":1,"minecraft:dirt":4535,"minecraft:mutton":14,"minecraft:carrot":4,"minecraft:snowball":3,"minecraft:granite":2,"minecraft:wooden_axe":43,"minecraft:iron_axe":244,"minecraft:bow":50,"minecraft:furnace":4,"minecraft:egg":1,"minecraft:cooked_beef":1,"minecraft:pumpkin":15,"minecraft:cooked_mutton":36,"minecraft:diorite":2,"minecraft:birch_planks":4,"minecraft:oak_planks":13,"minecraft:stone_pickaxe":565,"minecraft:wooden_pickaxe":59,"minecraft:waxed_copper_block":8,"minecraft:white_wool":1,"minecraft:crafting_table":9,"minecraft:white_bed":2,"minecraft:lingering_potion":1,"minecraft:shears":9,"minecraft:polished_tuff":10,"minecraft:waxed_chiseled_copper":1,"minecraft:oak_log":13,"minecraft:apple":11,"minecraft:chicken":2,"minecraft:wind_charge":4,"minecraft:bread":59,"minecraft:string":2,"minecraft:oak_button":1,"minecraft:iron_pickaxe":250,"minecraft:stone_axe":118,"minecraft:potion":2,"minecraft:wooden_sword":215,"minecraft:chiseled_tuff_bricks":1,"minecraft:cobblestone":151,"minecraft:porkchop":8,"minecraft:cooked_porkchop":6,"minecraft:andesite":17,"minecraft:waxed_copper_bulb":1,"minecraft:experience_bottle":1},"minecraft:killed":{"minecraft:cave_spider":4,"minecraft:bogged":3,"minecraft:spider":14,"minecraft:slime":19,"minecraft:skeleton":23,"minecraft:bee":1,"minecraft:chicken":4,"minecraft:pig":33,"minecraft:creeper":6,"minecraft:sheep":25,"minecraft:pillager":5,"minecraft:zombie":49,"minecraft:stray":4,"minecraft:breeze":3,"minecraft:enderman":1,"minecraft:cow":3},"minecraft:picked_up":{"minecraft:lingering_potion":1,"minecraft:coarse_dirt":1,"minecraft:crafting_table":9,"minecraft:wheat":60,"minecraft:chicken":8,"minecraft:brown_mushroom":10,"minecraft:enchanted_book":4,"minecraft:potion":2,"minecraft:brewing_stand":1,"minecraft:shield":3,"minecraft:amethyst_block":4,"minecraft:wind_charge":10,"minecraft:string":63,"minecraft:raw_copper":81,"minecraft:iron_axe":4,"minecraft:flint_and_steel":1,"minecraft:red_candle":3,"minecraft:iron_shovel":2,"minecraft:cobbled_deepslate":14,"minecraft:bucket":3,"minecraft:beef":6,"minecraft:trial_key":9,"minecraft:waxed_oxidized_copper_door":1,"minecraft:iron_pickaxe":1,"minecraft:iron_nugget":27,"minecraft:poppy":3,"minecraft:light_gray_wool":2,"minecraft:sugar_cane":70,"minecraft:egg":6,"minecraft:iron_boots":3,"minecraft:furnace":2,"minecraft:tipped_arrow":20,"minecraft:raw_iron":34,"minecraft:stick":55,"minecraft:oak_fence":3,"minecraft:torch":12,"minecraft:porkchop":78,"minecraft:diorite":27,"minecraft:redstone":5,"minecraft:music_disc_creator_music_box":1,"minecraft:stone_shovel":2,"minecraft:stone_sword":8,"minecraft:arrow":239,"minecraft:honey_bottle":1,"minecraft:rotten_flesh":44,"minecraft:diamond_chestplate":3,"minecraft:decorated_pot":18,"minecraft:hay_block":31,"minecraft:tuff_bricks":7,"minecraft:mutton":40,"minecraft:rail":1,"minecraft:snowball":16,"minecraft:white_wool":23,"minecraft:cobblestone":623,"minecraft:feather":13,"minecraft:cooked_beef":21,"minecraft:andesite":59,"minecraft:leather":5,"minecraft:brown_wool":1,"minecraft:birch_planks":4,"minecraft:waxed_copper_bulb":1,"minecraft:oak_log":334,"minecraft:waxed_copper_block":14,"minecraft:lily_pad":49,"minecraft:gunpowder":6,"minecraft:lapis_lazuli":42,"minecraft:dirt":5024,"minecraft:paper":9,"minecraft:cooked_mutton":9,"minecraft:bone":53,"minecraft:apple":22,"minecraft:bow":10,"minecraft:wheat_seeds":34,"minecraft:iron_ingot":11,"minecraft:stone_pickaxe":9,"minecraft:guster_banner_pattern":2,"minecraft:glass_bottle":1,"minecraft:honeycomb":14,"minecraft:oak_planks":15,"minecraft:emerald_block":1,"minecraft:cooked_porkchop":3,"minecraft:pumpkin":20,"minecraft:dandelion":2,"minecraft:waxed_chiseled_copper":1,"minecraft:gravel":7,"minecraft:spider_eye":6,"minecraft:polished_tuff":13,"minecraft:pumpkin_seeds":24,"minecraft:dispenser":2,"minecraft:sugar":2,"minecraft:slime_ball":16,"minecraft:stone_axe":1,"minecraft:diamond":4,"minecraft:breeze_rod":10,"minecraft:granite":19,"minecraft:gray_wool":5,"minecraft:emerald":54,"minecraft:bread":70,"minecraft:oak_button":1,"minecraft:oak_sapling":63,"minecraft:netherrack":1,"minecraft:dark_oak_fence":5,"minecraft:coal":76,"minecraft:chiseled_tuff_bricks":1,"minecraft:ender_pearl":2},"minecraft:crafted":{"minecraft:wooden_sword":5,"minecraft:oak_planks":1426,"minecraft:stone_shovel":3,"minecraft:cooked_chicken":5,"minecraft:furnace":2,"minecraft:cooked_mutton":54,"minecraft:stone_pickaxe":5,"minecraft:chest":2,"minecraft:wheat":270,"minecraft:wooden_shovel":1,"minecraft:cooked_porkchop":16,"minecraft:crafting_table":3,"minecraft:wooden_pickaxe":1,"minecraft:iron_sword":1,"minecraft:leather_helmet":1,"minecraft:stone_axe":3,"minecraft:bread":91,"minecraft:air":0,"minecraft:stick":92,"minecraft:iron_pickaxe":2,"minecraft:wooden_axe":1,"minecraft:stone_sword":4,"minecraft:iron_shovel":20,"minecraft:white_bed":2,"minecraft:torch":88},"minecraft:mined":{"minecraft:brewing_stand":1,"minecraft:dark_oak_fence":9,"minecraft:granite":2,"minecraft:grass_block":1724,"minecraft:decorated_pot":11,"minecraft:spruce_leaves":13,"minecraft:chiseled_tuff_bricks":1,"minecraft:tuff_bricks":8,"minecraft:large_fern":1,"minecraft:hay_block":29,"minecraft:tall_seagrass":42,"minecraft:furnace":2,"minecraft:iron_ore":35,"minecraft:barrel":1,"minecraft:snow":17,"minecraft:polished_tuff":13,"minecraft:andesite":28,"minecraft:pumpkin":18,"minecraft:dirt_path":1,"minecraft:vine":20,"minecraft:rail":1,"minecraft:stone":611,"minecraft:brown_mushroom":5,"minecraft:dandelion":1,"minecraft:powder_snow":17,"minecraft:oak_fence":1,"minecraft:torch":7,"minecraft:crafting_table":9,"minecraft:short_grass":237,"minecraft:dead_bush":9,"minecraft:copper_ore":19,"minecraft:tall_grass":1,"minecraft:cobblestone":2,"minecraft:oak_planks":5,"minecraft:sugar_cane":29,"minecraft:lily_pad":65,"minecraft:waxed_chiseled_copper":1,"minecraft:wall_torch":1,"minecraft:diorite":11,"minecraft:amethyst_block":4,"minecraft:seagrass":8,"minecraft:waxed_copper_bulb":1,"minecraft:birch_planks":4,"minecraft:red_candle":2,"minecraft:coarse_dirt":1,"minecraft:birch_leaves":5,"minecraft:waxed_copper_block":9,"minecraft:bee_nest":1,"minecraft:coal_ore":75,"minecraft:oak_log":317,"minecraft:gravel":8,"minecraft:flower_pot":1,"minecraft:waxed_oxidized_copper_door":1,"minecraft:dirt":3266,"minecraft:cobweb":35,"minecraft:dispenser":1,"minecraft:netherrack":1,"minecraft:deepslate":14,"minecraft:oak_leaves":203,"minecraft:fern":1},"minecraft:killed_by":{"minecraft:player":1,"minecraft:zombie":1}},"DataVersion":3955}