{"stats":{"minecraft:killed_by":{"minecraft:evoker":2,"minecraft:zombie_villager":2,"minecraft:vindicator":2,"minecraft:blaze":1,"minecraft:zombie":1,"minecraft:vex":9,"minecraft:player":2,"minecraft:skeleton":2},"minecraft:dropped":{"minecraft:iron_sword":6,"minecraft:brown_mushroom":2,"minecraft:birch_planks":1,"minecraft:cooked_beef":15,"minecraft:glass_bottle":4,"minecraft:diamond":22,"minecraft:crafting_table":1,"minecraft:decorated_pot":51,"minecraft:crossbow":6,"minecraft:rail":1,"minecraft:cobblestone_stairs":2,"minecraft:music_disc_creator_music_box":5,"minecraft:flint":3,"minecraft:music_disc_13":1,"minecraft:dirt":1289,"minecraft:waxed_oxidized_chiseled_copper":1,"minecraft:dispenser":1,"minecraft:dark_oak_fence":5,"minecraft:music_disc_precipice":3,"minecraft:sand":4,"minecraft:glistering_melon_slice":6,"minecraft:sugar":2,"minecraft:iron_pickaxe":5,"minecraft:white_wool":5,"minecraft:blue_bed":2,"minecraft:bone":47,"minecraft:gravel":76,"minecraft:stone_axe":3,"minecraft:emerald_block":2,"minecraft:golden_chestplate":2,"minecraft:cobbled_deepslate":165,"minecraft:obsidian":1,"minecraft:rotten_flesh":63,"minecraft:oak_planks":12,"minecraft:diamond_shovel":4,"minecraft:honey_bottle":5,"minecraft:waxed_copper_block":6,"minecraft:warped_planks":192,"minecraft:wind_charge":10,"minecraft:poppy":4,"minecraft:tipped_arrow":34,"minecraft:red_candle":3,"minecraft:gunpowder":7,"minecraft:stone_brick_wall":18,"minecraft:breeze_rod":4,"minecraft:iron_bars":1,"minecraft:arrow":70,"minecraft:stone_brick_stairs":4,"minecraft:netherrack":1,"minecraft:bread":98,"minecraft:water_bucket":2,"minecraft:enchanted_book":3,"minecraft:iron_ingot":2,"minecraft:wheat_seeds":2,"minecraft:cherry_log":3,"minecraft:mossy_cobblestone":1,"minecraft:smithing_table":2,"minecraft:lead":1,"minecraft:iron_helmet":2,"minecraft:oak_fence":1,"minecraft:feather":6,"minecraft:cobblestone":932,"minecraft:polished_tuff":1,"minecraft:amethyst_block":4,"minecraft:granite":17,"minecraft:spruce_door":1,"minecraft:coal":1,"minecraft:stick":27,"minecraft:gray_wool":4,"minecraft:diorite":26,"minecraft:torch":10,"minecraft:wooden_axe":1,"minecraft:brown_wool":1,"minecraft:cherry_planks":1,"minecraft:waxed_oxidized_copper":4,"minecraft:iron_leggings":1,"minecraft:pumpkin":2,"minecraft:white_banner":3,"minecraft:iron_axe":5,"minecraft:iron_shovel":4,"minecraft:string":113,"minecraft:lily_pad":8,"minecraft:bucket":9,"minecraft:spruce_sapling":8,"minecraft:dandelion":1,"minecraft:polished_deepslate":1,"minecraft:tuff_bricks":13,"minecraft:sweet_berries":10,"minecraft:warped_nylium":1,"minecraft:coarse_dirt":1,"minecraft:stone_sword":3,"minecraft:cobblestone_wall":3,"minecraft:raw_copper":1,"minecraft:raw_iron":9,"minecraft:stone_shovel":1,"minecraft:light_gray_wool":1,"minecraft:iron_boots":3,"minecraft:name_tag":3,"minecraft:oak_sign":18,"minecraft:pumpkin_seeds":12,"minecraft:diamond_sword":1,"minecraft:shield":4,"minecraft:trial_key":4,"minecraft:diamond_chestplate":1,"minecraft:spruce_planks":9,"minecraft:diamond_pickaxe":6,"minecraft:iron_chestplate":1,"minecraft:andesite":532,"minecraft:purple_bed":3,"minecraft:golden_leggings":3,"minecraft:oak_boat":1,"minecraft:oak_sapling":46,"minecraft:waxed_oxidized_cut_copper":2,"minecraft:golden_sword":2,"minecraft:stripped_cherry_log":1,"minecraft:stone_bricks":4,"minecraft:spider_eye":20,"minecraft:spruce_log":16,"minecraft:slime_ball":28,"minecraft:bow":15,"minecraft:stone_pickaxe":3,"minecraft:raw_gold":4},"minecraft:mined":{"minecraft:white_bed":3,"minecraft:farmland":81,"minecraft:cherry_log":1221,"minecraft:cobblestone_stairs":5,"minecraft:brewing_stand":1,"minecraft:spruce_trapdoor":2,"minecraft:granite":447,"minecraft:cherry_trapdoor":8,"minecraft:stone_brick_wall":34,"minecraft:grass_block":2773,"minecraft:soul_soil":11,"minecraft:chiseled_tuff_bricks":1,"minecraft:composter":1,"minecraft:hopper":4,"minecraft:tuff_bricks":12,"minecraft:nether_wart":20,"minecraft:tall_seagrass":68,"minecraft:iron_ore":50,"minecraft:barrel":1,"minecraft:fire":2,"minecraft:polished_tuff":13,"minecraft:pumpkin":18,"minecraft:dirt_path":28,"minecraft:polished_deepslate_slab":2,"minecraft:iron_bars":1,"minecraft:blue_orchid":5,"minecraft:brown_mushroom":6,"minecraft:powder_snow":17,"minecraft:clay":13,"minecraft:torch":49,"minecraft:blast_furnace":26,"minecraft:chest":5,"minecraft:dead_bush":10,"minecraft:nether_quartz_ore":89,"minecraft:cobblestone":327,"minecraft:oak_planks":5,"minecraft:sugar_cane":29,"minecraft:waxed_chiseled_copper":1,"minecraft:wall_torch":19,"minecraft:amethyst_block":4,"minecraft:seagrass":17,"minecraft:waxed_copper_bulb":1,"minecraft:red_candle":2,"minecraft:birch_log":161,"minecraft:wheat":159,"minecraft:waxed_copper_block":14,"minecraft:cherry_door":1,"minecraft:stone_brick_stairs":4,"minecraft:oak_log":327,"minecraft:waxed_oxidized_copper":1,"minecraft:waxed_oxidized_copper_door":1,"minecraft:sand":13,"minecraft:dirt":5808,"minecraft:dispenser":3,"minecraft:netherrack":49,"minecraft:deepslate":190,"minecraft:oak_leaves":216,"minecraft:diamond_ore":1,"minecraft:tuff":7,"minecraft:mossy_cobblestone":8,"minecraft:cherry_sapling":1,"minecraft:stripped_cherry_log":90,"minecraft:waxed_oxidized_chiseled_copper":1,"minecraft:dark_oak_fence":9,"minecraft:spruce_fence":17,"minecraft:decorated_pot":45,"minecraft:spruce_leaves":98,"minecraft:birch_slab":42,"minecraft:large_fern":6,"minecraft:hay_block":29,"minecraft:oak_trapdoor":3,"minecraft:waxed_oxidized_cut_copper":1,"minecraft:furnace":2,"minecraft:snow":17,"minecraft:andesite":1400,"minecraft:polished_deepslate":30,"minecraft:bookshelf":7,"minecraft:vine":23,"minecraft:rail":6,"minecraft:warped_stem":80,"minecraft:bamboo":1,"minecraft:stone":6006,"minecraft:bone_block":11,"minecraft:smithing_table":10,"minecraft:oak_slab":1,"minecraft:glass_pane":5,"minecraft:cherry_planks":6,"minecraft:soul_sand":64,"minecraft:basalt":3,"minecraft:stone_brick_slab":5,"minecraft:observer":2,"minecraft:dandelion":1,"minecraft:spruce_door":6,"minecraft:oak_fence":9,"minecraft:crafting_table":11,"minecraft:short_grass":693,"minecraft:warped_roots":1,"minecraft:lectern":66,"minecraft:copper_ore":57,"minecraft:tall_grass":4,"minecraft:lapis_ore":6,"minecraft:lily_pad":80,"minecraft:diorite":209,"minecraft:blue_bed":9,"minecraft:warped_wart_block":1,"minecraft:purple_bed":7,"minecraft:birch_planks":136,"minecraft:coarse_dirt":1,"minecraft:cobblestone_wall":10,"minecraft:sweet_berry_bush":12,"minecraft:birch_leaves":8,"minecraft:spruce_log":61,"minecraft:bee_nest":1,"minecraft:coal_ore":171,"minecraft:cherry_leaves":270,"minecraft:flower_pot":1,"minecraft:gravel":247,"minecraft:cobweb":39,"minecraft:oak_button":1,"minecraft:stone_bricks":128,"minecraft:fern":3},"minecraft:used":{"minecraft:waxed_oxidized_copper_door":1,"minecraft:tuff_bricks":4,"minecraft:cherry_sapling":60,"minecraft:polished_deepslate":17,"minecraft:iron_shovel":7540,"minecraft:oak_sign":9,"minecraft:dispenser":1,"minecraft:shield":111,"minecraft:ladder":6,"minecraft:chest":9,"minecraft:iron_sword":996,"minecraft:mutton":14,"minecraft:carrot":5,"minecraft:snowball":3,"minecraft:lava_bucket":5,"minecraft:hopper_minecart":1,"minecraft:stone_bricks":242,"minecraft:bow":67,"minecraft:sweet_berries":6,"minecraft:furnace":4,"minecraft:egg":1,"minecraft:oak_chest_boat":2,"minecraft:diorite":2,"minecraft:stone_pickaxe":565,"minecraft:oak_planks":21,"minecraft:wooden_pickaxe":59,"minecraft:diamond_axe":11,"minecraft:composter":1,"minecraft:blue_bed":5,"minecraft:white_wool":1,"minecraft:blast_furnace":26,"minecraft:crossbow":22,"minecraft:stone_brick_wall":34,"minecraft:lingering_potion":1,"minecraft:shears":9,"minecraft:polished_tuff":10,"minecraft:waxed_chiseled_copper":1,"minecraft:birch_slab":199,"minecraft:bread":335,"minecraft:string":2,"minecraft:lectern":65,"minecraft:chiseled_tuff_bricks":1,"minecraft:andesite":204,"minecraft:oak_fence":11,"minecraft:diamond_sword":118,"minecraft:wooden_sword":215,"minecraft:birch_log":2,"minecraft:stripped_cherry_log":87,"minecraft:oak_trapdoor":3,"minecraft:oak_boat":74,"minecraft:smithing_table":9,"minecraft:waxed_copper_bulb":1,"minecraft:bone_meal":134,"minecraft:experience_bottle":1,"minecraft:iron_bars":1,"minecraft:stone_sword":483,"minecraft:stone_shovel":281,"minecraft:redstone":1,"minecraft:trial_key":10,"minecraft:wooden_shovel":69,"minecraft:cooked_chicken":5,"minecraft:netherrack":80,"minecraft:dirt":7361,"minecraft:torch":140,"minecraft:brewing_stand":1,"minecraft:hopper":5,"minecraft:granite":2,"minecraft:spruce_fence":64,"minecraft:iron_hoe":416,"minecraft:stone_brick_slab":4,"minecraft:wooden_axe":43,"minecraft:iron_axe":2346,"minecraft:cherry_trapdoor":58,"minecraft:totem_of_undying":1,"minecraft:barrel":3,"minecraft:basalt":8,"minecraft:pumpkin":15,"minecraft:minecart":1,"minecraft:cherry_log":1013,"minecraft:cooked_beef":1,"minecraft:observer":2,"minecraft:wheat_seeds":161,"minecraft:cooked_mutton":36,"minecraft:water_bucket":41,"minecraft:warped_stem":3,"minecraft:birch_planks":614,"minecraft:baked_potato":9,"minecraft:cherry_planks":6,"minecraft:waxed_copper_block":13,"minecraft:mossy_cobblestone":1,"minecraft:polished_deepslate_slab":5,"minecraft:rail":6,"minecraft:crafting_table":13,"minecraft:oak_slab":1,"minecraft:white_bed":8,"minecraft:spruce_log":1,"minecraft:oak_log":13,"minecraft:diamond_pickaxe":7143,"minecraft:apple":15,"minecraft:diamond_shovel":1735,"minecraft:cherry_door":3,"minecraft:wind_charge":8,"minecraft:chicken":2,"minecraft:iron_pickaxe":1636,"minecraft:oak_button":8,"minecraft:stone_axe":118,"minecraft:purple_bed":2,"minecraft:cobblestone":479,"minecraft:potion":2,"minecraft:porkchop":8,"minecraft:cooked_porkchop":6,"minecraft:bucket":49,"minecraft:glass_pane":53,"minecraft:splash_potion":1},"minecraft:custom":{"minecraft:interact_with_crafting_table":184,"minecraft:open_barrel":14,"minecraft:bell_ring":4,"minecraft:leave_game":15,"minecraft:time_since_death":187924,"minecraft:sprint_one_cm":3840824,"minecraft:damage_blocked_by_shield":4130,"minecraft:drop":422,"minecraft:talked_to_villager":208,"minecraft:play_time":1646484,"minecraft:deaths":23,"minecraft:jump":11852,"minecraft:walk_on_water_one_cm":466908,"minecraft:enchant_item":4,"minecraft:interact_with_furnace":149,"minecraft:traded_with_villager":20,"minecraft:interact_with_cartography_table":2,"minecraft:sleep_in_bed":26,"minecraft:damage_dealt":59527,"minecraft:player_kills":1,"minecraft:crouch_one_cm":163183,"minecraft:interact_with_smoker":9,"minecraft:interact_with_smithing_table":5,"minecraft:inspect_dispenser":10,"minecraft:interact_with_anvil":15,"minecraft:mob_kills":696,"minecraft:inspect_hopper":3,"minecraft:climb_one_cm":23176,"minecraft:walk_one_cm":4832848,"minecraft:raid_win":1,"minecraft:sneak_time":58322,"minecraft:walk_under_water_one_cm":304307,"minecraft:boat_one_cm":1651648,"minecraft:interact_with_blast_furnace":5,"minecraft:total_world_time":1646484,"minecraft:interact_with_grindstone":8,"minecraft:time_since_rest":165018,"minecraft:damage_taken":23354,"minecraft:swim_one_cm":136670,"minecraft:fly_one_cm":2207557,"minecraft:open_chest":1348,"minecraft:fall_one_cm":213496},"minecraft:broken":{"minecraft:golden_helmet":1,"minecraft:iron_shovel":30,"minecraft:wooden_shovel":1,"minecraft:iron_boots":2,"minecraft:iron_leggings":1,"minecraft:stone_pickaxe":4,"minecraft:wooden_sword":3,"minecraft:iron_sword":4,"minecraft:stone_shovel":2,"minecraft:leather_helmet":2,"minecraft:stone_sword":3,"minecraft:wooden_pickaxe":1,"minecraft:iron_axe":9,"minecraft:iron_pickaxe":7},"minecraft:crafted":{"minecraft:oak_planks":1466,"minecraft:barrel":3,"minecraft:oak_sign":27,"minecraft:cooked_chicken":5,"minecraft:birch_slab":186,"minecraft:diamond_shovel":1,"minecraft:cooked_mutton":54,"minecraft:spruce_pressure_plate":1,"minecraft:warped_planks":300,"minecraft:quartz_block":21,"minecraft:glass":363,"minecraft:hopper":8,"minecraft:bow":1,"minecraft:iron_boots":2,"minecraft:chest":15,"minecraft:oak_button":6,"minecraft:rail":16,"minecraft:oak_fence":6,"minecraft:oak_slab":18,"minecraft:wooden_shovel":1,"minecraft:arrow":128,"minecraft:emerald":9,"minecraft:cooked_porkchop":16,"minecraft:crafting_table":6,"minecraft:spruce_planks":68,"minecraft:wooden_pickaxe":1,"minecraft:iron_helmet":2,"minecraft:smithing_table":1,"minecraft:hopper_minecart":1,"minecraft:birch_planks":634,"minecraft:dispenser":2,"minecraft:diamond_pickaxe":1,"minecraft:warped_fence_gate":14,"minecraft:stick":196,"minecraft:iron_ingot":1092,"minecraft:iron_pickaxe":13,"minecraft:iron_block":424,"minecraft:stone_sword":4,"minecraft:redstone_torch":1,"minecraft:composter":1,"minecraft:cherry_planks":576,"minecraft:wooden_sword":5,"minecraft:redstone":9,"minecraft:stone_shovel":3,"minecraft:stone_brick_wall":78,"minecraft:furnace":2,"minecraft:stone_button":1,"minecraft:cherry_sapling":3,"minecraft:bone_meal":234,"minecraft:spruce_fence":48,"minecraft:glass_pane":336,"minecraft:oak_trapdoor":2,"minecraft:warped_trapdoor":34,"minecraft:cherry_trapdoor":54,"minecraft:iron_axe":8,"minecraft:ladder":9,"minecraft:iron_hoe":2,"minecraft:cherry_stairs":40,"minecraft:stone_pickaxe":5,"minecraft:observer":2,"minecraft:minecart":3,"minecraft:wheat":270,"minecraft:bone_block":11,"minecraft:diamond_sword":1,"minecraft:powered_rail":6,"minecraft:iron_sword":3,"minecraft:leather_helmet":1,"minecraft:bucket":5,"minecraft:stone_axe":3,"minecraft:bread":124,"minecraft:air":0,"minecraft:oak_boat":9,"minecraft:oak_chest_boat":2,"minecraft:golden_apple":1,"minecraft:wooden_axe":1,"minecraft:iron_shovel":34,"minecraft:cherry_door":3,"minecraft:iron_leggings":1,"minecraft:white_bed":5,"minecraft:torch":120,"minecraft:lapis_block":14},"minecraft:picked_up":{"minecraft:iron_chestplate":1,"minecraft:wheat":160,"minecraft:smithing_table":11,"minecraft:lead":1,"minecraft:diamond_sword":1,"minecraft:enchanted_book":4,"minecraft:potion":2,"minecraft:stone_brick_stairs":4,"minecraft:brewing_stand":1,"minecraft:golden_sword":1,"minecraft:amethyst_block":4,"minecraft:polished_deepslate":32,"minecraft:string":168,"minecraft:soul_soil":24,"minecraft:raw_copper":215,"minecraft:iron_leggings":14,"minecraft:red_candle":3,"minecraft:cobbled_deepslate":283,"minecraft:bucket":9,"minecraft:spruce_planks":13,"minecraft:trial_key":18,"minecraft:waxed_oxidized_copper_door":1,"minecraft:redstone_torch":1,"minecraft:iron_pickaxe":86,"minecraft:hopper_minecart":1,"minecraft:iron_boots":16,"minecraft:furnace":2,"minecraft:spruce_pressure_plate":1,"minecraft:golden_helmet":2,"minecraft:tipped_arrow":70,"minecraft:stick":630,"minecraft:composter":1,"minecraft:oak_fence":11,"minecraft:torch":390,"minecraft:porkchop":123,"minecraft:cherry_log":1270,"minecraft:diorite":116,"minecraft:warped_planks":64,"minecraft:golden_chestplate":2,"minecraft:quartz_block":16,"minecraft:stone_sword":8,"minecraft:honey_bottle":5,"minecraft:rotten_flesh":130,"minecraft:obsidian":1,"minecraft:iron_bars":2,"minecraft:snowball":16,"minecraft:cobblestone":3244,"minecraft:birch_log":163,"minecraft:andesite":1217,"minecraft:feather":13,"minecraft:cooked_beef":86,"minecraft:water_bucket":7,"minecraft:cherry_planks":105,"minecraft:birch_slab":67,"minecraft:brown_wool":1,"minecraft:golden_leggings":2,"minecraft:flint":5,"minecraft:tuff":14,"minecraft:lapis_lazuli":42,"minecraft:cherry_door":2,"minecraft:dirt":8648,"minecraft:name_tag":2,"minecraft:leather_boots":1,"minecraft:glass":1,"minecraft:bone":84,"minecraft:bow":23,"minecraft:wheat_seeds":398,"minecraft:raw_gold":4,"minecraft:bamboo":9,"minecraft:guster_banner_pattern":2,"minecraft:powered_rail":6,"minecraft:honeycomb":14,"minecraft:oak_planks":35,"minecraft:cooked_porkchop":113,"minecraft:warped_wart_block":1,"minecraft:waxed_chiseled_copper":1,"minecraft:sand":9,"minecraft:mossy_cobblestone":9,"minecraft:dispenser":4,"minecraft:sugar":4,"minecraft:spruce_boat":1,"minecraft:diamond":26,"minecraft:breeze_rod":14,"minecraft:crossbow":23,"minecraft:granite":51,"minecraft:golden_apple":1,"minecraft:bread":1657,"minecraft:chainmail_helmet":1,"minecraft:golden_horse_armor":2,"minecraft:emerald":150,"minecraft:music_disc_precipice":3,"minecraft:oak_sapling":63,"minecraft:netherrack":1167,"minecraft:dark_oak_fence":5,"minecraft:lingering_potion":1,"minecraft:waxed_oxidized_cut_copper":2,"minecraft:diamond_pickaxe":6,"minecraft:coarse_dirt":1,"minecraft:crafting_table":10,"minecraft:splash_potion":1,"minecraft:nether_wart":60,"minecraft:ominous_bottle":1,"minecraft:chicken":8,"minecraft:ladder":3,"minecraft:clay_ball":52,"minecraft:brown_mushroom":11,"minecraft:stone_brick_wall":34,"minecraft:stripped_cherry_log":93,"minecraft:shield":11,"minecraft:wind_charge":34,"minecraft:oak_trapdoor":3,"minecraft:iron_axe":49,"minecraft:large_fern":1,"minecraft:flint_and_steel":1,"minecraft:iron_shovel":29,"minecraft:blue_orchid":5,"minecraft:glass_pane":145,"minecraft:beef":26,"minecraft:oak_boat":75,"minecraft:iron_nugget":27,"minecraft:poppy":10,"minecraft:sugar_cane":70,"minecraft:light_gray_wool":2,"minecraft:lectern":65,"minecraft:minecart":2,"minecraft:phantom_membrane":8,"minecraft:chest":5,"minecraft:spruce_trapdoor":1,"minecraft:cherry_trapdoor":12,"minecraft:waxed_oxidized_copper":4,"minecraft:egg":6,"minecraft:raw_iron":73,"minecraft:polished_deepslate_slab":5,"minecraft:spruce_fence":16,"minecraft:stone_button":1,"minecraft:carrot":1,"minecraft:redstone":113,"minecraft:music_disc_creator_music_box":5,"minecraft:iron_horse_armor":4,"minecraft:waxed_oxidized_chiseled_copper":1,"minecraft:arrow":973,"minecraft:diamond_chestplate":24,"minecraft:stone_shovel":2,"minecraft:decorated_pot":52,"minecraft:hay_block":31,"minecraft:totem_of_undying":9,"minecraft:oak_chest_boat":2,"minecraft:tuff_bricks":17,"minecraft:rail":6,"minecraft:mutton":40,"minecraft:white_wool":23,"minecraft:bone_block":33,"minecraft:basalt":29,"minecraft:leather":13,"minecraft:birch_planks":174,"minecraft:waxed_copper_bulb":1,"minecraft:oak_log":344,"minecraft:waxed_copper_block":20,"minecraft:lily_pad":65,"minecraft:cobblestone_wall":7,"minecraft:gunpowder":13,"minecraft:cobblestone_stairs":5,"minecraft:blue_bed":9,"minecraft:paper":9,"minecraft:white_banner":18,"minecraft:cooked_mutton":33,"minecraft:apple":46,"minecraft:stone_bricks":145,"minecraft:warped_stem":78,"minecraft:iron_ingot":60,"minecraft:stone_pickaxe":9,"minecraft:cooked_chicken":1,"minecraft:glass_bottle":2,"minecraft:soul_sand":189,"minecraft:iron_sword":38,"minecraft:book":21,"minecraft:emerald_block":3,"minecraft:pumpkin":20,"minecraft:sweet_berries":19,"minecraft:stone_brick_slab":4,"minecraft:dandelion":2,"minecraft:quartz":87,"minecraft:gravel":92,"minecraft:lava_bucket":2,"minecraft:spruce_sapling":19,"minecraft:blast_furnace":26,"minecraft:spruce_log":76,"minecraft:white_bed":3,"minecraft:spider_eye":28,"minecraft:spruce_door":6,"minecraft:polished_tuff":13,"minecraft:leather_helmet":2,"minecraft:diamond_shovel":5,"minecraft:pumpkin_seeds":24,"minecraft:purple_bed":8,"minecraft:slime_ball":57,"minecraft:stone_axe":1,"minecraft:chainmail_leggings":1,"minecraft:iron_helmet":8,"minecraft:diamond_axe":2,"minecraft:cherry_sapling":384,"minecraft:gray_wool":5,"minecraft:warped_roots":1,"minecraft:oak_button":2,"minecraft:baked_potato":3,"minecraft:warped_nylium":1,"minecraft:coal":194,"minecraft:chiseled_tuff_bricks":1,"minecraft:hopper":4,"minecraft:ender_pearl":8},"minecraft:killed":{"minecraft:cave_spider":4,"minecraft:witch":5,"minecraft:spider":39,"minecraft:skeleton":38,"minecraft:bee":1,"minecraft:chicken":6,"minecraft:silverfish":9,"minecraft:magma_cube":15,"minecraft:pig":53,"minecraft:iron_golem":2,"minecraft:creeper":11,"minecraft:sheep":25,"minecraft:pillager":10,"minecraft:zombie":369,"minecraft:stray":4,"minecraft:blaze":2,"minecraft:cow":14,"minecraft:vex":4,"minecraft:bogged":5,"minecraft:vindicator":7,"minecraft:slime":42,"minecraft:phantom":8,"minecraft:wandering_trader":1,"minecraft:ravager":3,"minecraft:breeze":3,"minecraft:villager":2,"minecraft:enderman":2}},"DataVersion":3955}