{"stats":{"minecraft:crafted":{"minecraft:oak_sign":27,"minecraft:birch_slab":186,"minecraft:diamond_shovel":5,"minecraft:cooked_mutton":54,"minecraft:glass":626,"minecraft:mace":1,"minecraft:quartz_block":21,"minecraft:diamond_helmet":6,"minecraft:diamond_leggings":6,"minecraft:wooden_shovel":1,"minecraft:emerald":125,"minecraft:cooked_porkchop":47,"minecraft:diamond_axe":3,"minecraft:smithing_table":1,"minecraft:copper_ingot":44,"minecraft:iron_pickaxe":13,"minecraft:iron_block":515,"minecraft:composter":4,"minecraft:stone_shovel":3,"minecraft:diamond_hoe":1,"minecraft:bone_meal":1125,"minecraft:spruce_fence":48,"minecraft:white_carpet":3,"minecraft:warped_trapdoor":34,"minecraft:cherry_trapdoor":54,"minecraft:ladder":9,"minecraft:cherry_stairs":40,"minecraft:stone_pickaxe":5,"minecraft:diamond_boots":7,"minecraft:wheat":270,"minecraft:leather_helmet":1,"minecraft:enchanted_book":12,"minecraft:oak_chest_boat":2,"minecraft:golden_apple":1,"minecraft:wooden_axe":1,"minecraft:iron_shovel":34,"minecraft:iron_leggings":1,"minecraft:white_bed":5,"minecraft:oak_planks":1490,"minecraft:barrel":3,"minecraft:cooked_chicken":8,"minecraft:spruce_pressure_plate":1,"minecraft:warped_planks":300,"minecraft:hopper":15,"minecraft:stone_brick_slab":30,"minecraft:bow":1,"minecraft:iron_boots":2,"minecraft:raw_copper":36,"minecraft:chest":19,"minecraft:oak_button":6,"minecraft:netherite_upgrade_smithing_template":2,"minecraft:rail":16,"minecraft:oak_fence":6,"minecraft:oak_slab":18,"minecraft:arrow":128,"minecraft:crafting_table":6,"minecraft:spruce_planks":68,"minecraft:wooden_pickaxe":1,"minecraft:iron_helmet":2,"minecraft:hopper_minecart":3,"minecraft:birch_planks":634,"minecraft:dispenser":2,"minecraft:tnt":31,"minecraft:diamond_pickaxe":4,"minecraft:purple_dye":2,"minecraft:warped_fence_gate":14,"minecraft:stick":196,"minecraft:iron_ingot":1092,"minecraft:stone_sword":4,"minecraft:redstone_torch":1,"minecraft:sponge":20,"minecraft:cherry_planks":584,"minecraft:wooden_sword":5,"minecraft:redstone":9,"minecraft:stone_brick_wall":78,"minecraft:stone_button":1,"minecraft:furnace":2,"minecraft:cherry_sapling":3,"minecraft:raw_copper_block":4,"minecraft:glass_pane":336,"minecraft:oak_trapdoor":2,"minecraft:iron_axe":8,"minecraft:iron_hoe":2,"minecraft:observer":2,"minecraft:minecart":6,"minecraft:red_dye":2,"minecraft:bone_block":47,"minecraft:diamond_sword":5,"minecraft:iron_trapdoor":11,"minecraft:powered_rail":6,"minecraft:iron_sword":3,"minecraft:bucket":13,"minecraft:stone_axe":3,"minecraft:air":0,"minecraft:bread":124,"minecraft:blue_dye":3,"minecraft:oak_boat":9,"minecraft:cherry_door":3,"minecraft:anvil":2,"minecraft:torch":156,"minecraft:lapis_lazuli":9,"minecraft:lapis_block":14,"minecraft:diamond_chestplate":4},"minecraft:mined":{"minecraft:white_bed":3,"minecraft:cherry_log":1291,"minecraft:obsidian":22,"minecraft:granite":792,"minecraft:stone_brick_wall":34,"minecraft:chiseled_tuff_bricks":6,"minecraft:hopper":6,"minecraft:nether_wart":20,"minecraft:tall_seagrass":69,"minecraft:cobbled_deepslate":363,"minecraft:fire":2,"minecraft:barrel":1,"minecraft:pumpkin":18,"minecraft:deepslate_lapis_ore":10,"minecraft:polished_deepslate_slab":5,"minecraft:dirt_path":32,"minecraft:blue_orchid":7,"minecraft:brown_mushroom":6,"minecraft:powder_snow":17,"minecraft:torch":117,"minecraft:blast_furnace":26,"minecraft:dead_bush":10,"minecraft:glass":68,"minecraft:sugar_cane":29,"minecraft:amethyst_block":4,"minecraft:waxed_copper_bulb":1,"minecraft:light_gray_stained_glass":2,"minecraft:wheat":199,"minecraft:waxed_copper_block":21,"minecraft:stone_brick_stairs":7,"minecraft:smooth_basalt":1,"minecraft:deepslate":5240,"minecraft:mossy_cobblestone":8,"minecraft:cherry_sapling":1,"minecraft:end_stone":285,"minecraft:waxed_oxidized_chiseled_copper":1,"minecraft:dark_oak_fence":9,"minecraft:spruce_fence":18,"minecraft:waxed_oxidized_cut_copper":4,"minecraft:waxed_copper_grate":1,"minecraft:snow":17,"minecraft:andesite":1744,"minecraft:chiseled_tuff":1,"minecraft:potatoes":49,"minecraft:vine":28,"minecraft:rail":12,"minecraft:warped_stem":80,"minecraft:bamboo_sapling":7,"minecraft:warped_trapdoor":36,"minecraft:bamboo":50,"minecraft:bone_block":11,"minecraft:smithing_table":11,"minecraft:oak_slab":1,"minecraft:glass_pane":5,"minecraft:cherry_planks":6,"minecraft:soul_sand":64,"minecraft:stone_brick_slab":8,"minecraft:observer":2,"minecraft:dandelion":1,"minecraft:short_grass":703,"minecraft:sponge":4,"minecraft:warped_roots":1,"minecraft:purpur_pillar":1,"minecraft:tall_grass":4,"minecraft:copper_ore":110,"minecraft:deepslate_gold_ore":5,"minecraft:diorite":1376,"minecraft:warped_wart_block":1,"minecraft:purple_bed":8,"minecraft:coarse_dirt":1,"minecraft:cobblestone_wall":10,"minecraft:spruce_log":61,"minecraft:birch_leaves":8,"minecraft:gravel":839,"minecraft:cobweb":53,"minecraft:oak_button":3,"minecraft:stone_bricks":164,"minecraft:gold_ore":8,"minecraft:fern":3,"minecraft:large_amethyst_bud":1,"minecraft:farmland":81,"minecraft:cobblestone_stairs":5,"minecraft:brewing_stand":1,"minecraft:spruce_trapdoor":8,"minecraft:cherry_trapdoor":8,"minecraft:grass_block":3321,"minecraft:soul_soil":11,"minecraft:composter":2,"minecraft:tuff_bricks":34,"minecraft:iron_ore":85,"minecraft:polished_tuff":15,"minecraft:iron_bars":11,"minecraft:deepslate_redstone_ore":14,"minecraft:clay":27,"minecraft:chest":6,"minecraft:nether_quartz_ore":89,"minecraft:cobblestone":415,"minecraft:oak_planks":33,"minecraft:waxed_chiseled_copper":2,"minecraft:wall_torch":53,"minecraft:deepslate_copper_ore":6,"minecraft:seagrass":18,"minecraft:red_candle":4,"minecraft:birch_log":161,"minecraft:waxed_oxidized_cut_copper_stairs":1,"minecraft:cherry_door":1,"minecraft:tnt":24,"minecraft:purpur_block":1,"minecraft:oak_log":333,"minecraft:waxed_oxidized_copper":4,"minecraft:waxed_oxidized_copper_door":1,"minecraft:sand":1606,"minecraft:dirt":7974,"minecraft:dispenser":4,"minecraft:netherrack":49,"minecraft:oak_leaves":220,"minecraft:diamond_ore":1,"minecraft:tuff":301,"minecraft:deepslate_diamond_ore":17,"minecraft:stripped_cherry_log":90,"minecraft:glow_lichen":2,"minecraft:decorated_pot":68,"minecraft:birch_slab":42,"minecraft:spruce_leaves":98,"minecraft:sandstone":25,"minecraft:large_fern":6,"minecraft:hay_block":29,"minecraft:oak_trapdoor":3,"minecraft:furnace":2,"minecraft:carrots":52,"minecraft:polished_deepslate":37,"minecraft:bookshelf":14,"minecraft:deepslate_iron_ore":24,"minecraft:wet_sponge":30,"minecraft:chorus_plant":6,"minecraft:stone":12690,"minecraft:basalt":3,"minecraft:spruce_door":6,"minecraft:oak_fence":9,"minecraft:crafting_table":11,"minecraft:lectern":66,"minecraft:lapis_ore":26,"minecraft:lily_pad":88,"minecraft:blue_bed":10,"minecraft:birch_planks":136,"minecraft:waxed_oxidized_copper_grate":10,"minecraft:sweet_berry_bush":12,"minecraft:bee_nest":1,"minecraft:coal_ore":223,"minecraft:cherry_leaves":345,"minecraft:flower_pot":1},"minecraft:broken":{"minecraft:wooden_shovel":1,"minecraft:iron_boots":2,"minecraft:iron_leggings":1,"minecraft:wooden_sword":3,"minecraft:iron_sword":4,"minecraft:leather_helmet":2,"minecraft:stone_sword":3,"minecraft:wooden_pickaxe":1,"minecraft:iron_axe":9,"minecraft:iron_pickaxe":7,"minecraft:golden_helmet":1,"minecraft:iron_shovel":30,"minecraft:stone_pickaxe":4,"minecraft:diamond_sword":1,"minecraft:stone_shovel":2},"minecraft:picked_up":{"minecraft:iron_chestplate":1,"minecraft:chainmail_boots":1,"minecraft:smithing_table":12,"minecraft:lead":1,"minecraft:diamond_sword":22,"minecraft:enchanted_book":5,"minecraft:brewing_stand":1,"minecraft:golden_sword":1,"minecraft:amethyst_block":4,"minecraft:polished_deepslate":38,"minecraft:string":376,"minecraft:soul_soil":24,"minecraft:cooked_salmon":191,"minecraft:diamond_leggings":17,"minecraft:cobbled_deepslate":5668,"minecraft:spruce_planks":13,"minecraft:trial_key":18,"minecraft:hopper_minecart":1,"minecraft:enchanted_golden_apple":3,"minecraft:golden_helmet":5,"minecraft:spruce_pressure_plate":1,"minecraft:composter":2,"minecraft:purpur_pillar":1,"minecraft:cherry_log":1343,"minecraft:waxed_copper_grate":1,"minecraft:warped_planks":64,"minecraft:golden_chestplate":5,"minecraft:stone_sword":10,"minecraft:honey_bottle":5,"minecraft:iron_bars":20,"minecraft:snowball":16,"minecraft:sponge":57,"minecraft:birch_log":163,"minecraft:feather":14,"minecraft:cooked_beef":152,"minecraft:iron_door":2,"minecraft:birch_slab":67,"minecraft:water_bucket":40,"minecraft:brown_wool":1,"minecraft:flint":45,"minecraft:netherite_leggings":1,"minecraft:cherry_door":2,"minecraft:guster_banner_pattern":2,"minecraft:diamond_helmet":19,"minecraft:honeycomb":14,"minecraft:warped_wart_block":1,"minecraft:ink_sac":5,"minecraft:dispenser":4,"minecraft:granite":223,"minecraft:chainmail_helmet":3,"minecraft:golden_horse_armor":2,"minecraft:bread":1719,"minecraft:music_disc_precipice":3,"minecraft:dark_oak_fence":5,"minecraft:ominous_trial_key":10,"minecraft:diamond_pickaxe":23,"minecraft:crafting_table":10,"minecraft:coarse_dirt":1,"minecraft:ominous_bottle":2,"minecraft:nether_wart":60,"minecraft:clay_ball":160,"minecraft:leather_leggings":4,"minecraft:music_disc_creator":3,"minecraft:stripped_cherry_log":93,"minecraft:purpur_block":1,"minecraft:wind_charge":62,"minecraft:elytra":4,"minecraft:flow_banner_pattern":4,"minecraft:flint_and_steel":2,"minecraft:iron_shovel":34,"minecraft:glass_pane":145,"minecraft:netherite_sword":1,"minecraft:beef":26,"minecraft:chiseled_tuff":1,"minecraft:iron_nugget":27,"minecraft:poppy":10,"minecraft:minecart":4,"minecraft:chest":6,"minecraft:waxed_oxidized_copper":10,"minecraft:egg":39,"minecraft:sandstone":53,"minecraft:polished_deepslate_slab":11,"minecraft:glow_item_frame":2,"minecraft:spruce_fence":17,"minecraft:mace":1,"minecraft:carrot":264,"minecraft:redstone":227,"minecraft:netherite_pickaxe":4,"minecraft:music_disc_creator_music_box":5,"minecraft:tnt":642,"minecraft:waxed_oxidized_chiseled_copper":1,"minecraft:stone_shovel":2,"minecraft:diamond_chestplate":46,"minecraft:cooked_cod":95,"minecraft:decorated_pot":59,"minecraft:diamond_boots":15,"minecraft:hay_block":31,"minecraft:waxed_oxidized_cut_copper_stairs":1,"minecraft:oak_chest_boat":2,"minecraft:totem_of_undying":9,"minecraft:tuff_bricks":46,"minecraft:mutton":40,"minecraft:white_wool":23,"minecraft:bone_block":33,"minecraft:rail":137,"minecraft:filled_map":1,"minecraft:oak_log":356,"minecraft:lily_pad":74,"minecraft:golden_boots":3,"minecraft:blue_bed":15,"minecraft:paper":9,"minecraft:white_banner":18,"minecraft:apple":46,"minecraft:stone_bricks":181,"minecraft:warped_stem":78,"minecraft:stone_pickaxe":9,"minecraft:glass_bottle":4,"minecraft:iron_sword":39,"minecraft:smooth_basalt":1,"minecraft:sweet_berries":19,"minecraft:gravel":426,"minecraft:spruce_sapling":19,"minecraft:spruce_log":76,"minecraft:polished_tuff":15,"minecraft:leather_helmet":2,"minecraft:firework_rocket":425,"minecraft:diamond_shovel":25,"minecraft:purple_bed":9,"minecraft:slime_ball":88,"minecraft:stone_axe":1,"minecraft:diamond_axe":23,"minecraft:gray_wool":5,"minecraft:warped_roots":1,"minecraft:oak_button":2,"minecraft:baked_potato":6,"minecraft:warped_nylium":1,"minecraft:hopper":6,"minecraft:ender_pearl":8115,"minecraft:wheat":194,"minecraft:potion":7,"minecraft:stone_brick_stairs":12,"minecraft:raw_copper":451,"minecraft:iron_leggings":16,"minecraft:red_candle":6,"minecraft:bucket":17,"minecraft:waxed_oxidized_copper_door":1,"minecraft:redstone_torch":1,"minecraft:ender_eye":1,"minecraft:iron_pickaxe":90,"minecraft:iron_boots":18,"minecraft:furnace":2,"minecraft:tipped_arrow":161,"minecraft:stick":760,"minecraft:oak_fence":11,"minecraft:torch":536,"minecraft:porkchop":123,"minecraft:diorite":1296,"minecraft:quartz_block":16,"minecraft:rotten_flesh":1040,"minecraft:obsidian":21,"minecraft:cobblestone":7127,"minecraft:leather_chestplate":2,"minecraft:cherry_planks":105,"minecraft:andesite":1537,"minecraft:golden_leggings":6,"minecraft:potato":243,"minecraft:tuff":294,"minecraft:warped_trapdoor":72,"minecraft:lapis_lazuli":551,"minecraft:dirt":11955,"minecraft:name_tag":2,"minecraft:leather_boots":3,"minecraft:glass":1,"minecraft:bone":262,"minecraft:bow":25,"minecraft:wheat_seeds":522,"minecraft:raw_gold":16,"minecraft:netherite_axe":1,"minecraft:mossy_stone_bricks":2,"minecraft:bamboo":949,"minecraft:powered_rail":6,"minecraft:oak_planks":63,"minecraft:cooked_porkchop":200,"minecraft:waxed_chiseled_copper":3,"minecraft:sand":1757,"minecraft:shulker_box":1,"minecraft:mossy_cobblestone":9,"minecraft:netherite_helmet":1,"minecraft:sugar":4,"minecraft:diamond":75,"minecraft:spruce_boat":4,"minecraft:waxed_oxidized_copper_grate":8,"minecraft:crossbow":29,"minecraft:breeze_rod":45,"minecraft:golden_apple":1,"minecraft:emerald":217,"minecraft:oak_sapling":66,"minecraft:netherrack":1167,"minecraft:chorus_fruit":81,"minecraft:nether_star":1,"minecraft:lingering_potion":1,"minecraft:waxed_oxidized_cut_copper":11,"minecraft:splash_potion":1,"minecraft:chicken":13,"minecraft:ladder":3,"minecraft:brown_mushroom":12,"minecraft:stone_brick_wall":34,"minecraft:shield":12,"minecraft:oak_trapdoor":3,"minecraft:iron_axe":51,"minecraft:large_fern":1,"minecraft:blue_orchid":8,"minecraft:oak_boat":77,"minecraft:light_gray_wool":2,"minecraft:lectern":65,"minecraft:sugar_cane":70,"minecraft:spruce_trapdoor":4,"minecraft:cherry_trapdoor":12,"minecraft:phantom_membrane":14,"minecraft:raw_iron":191,"minecraft:end_stone":353,"minecraft:stone_button":3,"minecraft:trident":2,"minecraft:iron_horse_armor":4,"minecraft:arrow":1177,"minecraft:wet_sponge":31,"minecraft:basalt":29,"minecraft:golden_carrot":6,"minecraft:leather":13,"minecraft:birch_planks":174,"minecraft:waxed_copper_bulb":1,"minecraft:chainmail_chestplate":1,"minecraft:waxed_copper_block":28,"minecraft:cobblestone_wall":7,"minecraft:gunpowder":52,"minecraft:cobblestone_stairs":5,"minecraft:cooked_mutton":42,"minecraft:iron_ingot":82,"minecraft:cooked_chicken":1,"minecraft:soul_sand":189,"minecraft:book":45,"minecraft:emerald_block":3,"minecraft:pumpkin":20,"minecraft:heavy_core":1,"minecraft:stone_brick_slab":7,"minecraft:quartz":87,"minecraft:dandelion":2,"minecraft:lava_bucket":2,"minecraft:blast_furnace":26,"minecraft:white_bed":3,"minecraft:spruce_door":6,"minecraft:spider_eye":116,"minecraft:pumpkin_seeds":24,"minecraft:chainmail_leggings":1,"minecraft:iron_helmet":11,"minecraft:cherry_sapling":396,"minecraft:chiseled_tuff_bricks":12,"minecraft:coal":273},"minecraft:used":{"minecraft:waxed_oxidized_copper_door":1,"minecraft:tuff_bricks":9,"minecraft:chiseled_tuff":1,"minecraft:dispenser":1,"minecraft:ladder":6,"minecraft:chest":13,"minecraft:snowball":3,"minecraft:lava_bucket":5,"minecraft:wet_sponge":7,"minecraft:bow":68,"minecraft:sweet_berries":6,"minecraft:furnace":4,"minecraft:cooked_cod":30,"minecraft:egg":1,"minecraft:potato":247,"minecraft:diorite":9,"minecraft:chorus_fruit":3,"minecraft:wooden_pickaxe":59,"minecraft:composter":5,"minecraft:purpur_pillar":1,"minecraft:sand":6,"minecraft:blast_furnace":26,"minecraft:birch_slab":199,"minecraft:stone_button":2,"minecraft:lectern":65,"minecraft:chiseled_tuff_bricks":5,"minecraft:diamond_sword":8182,"minecraft:wooden_sword":215,"minecraft:smithing_table":9,"minecraft:birch_log":2,"minecraft:oak_boat":76,"minecraft:oak_trapdoor":3,"minecraft:iron_bars":17,"minecraft:stone_sword":483,"minecraft:cooked_salmon":63,"minecraft:trial_key":10,"minecraft:netherrack":80,"minecraft:torch":287,"minecraft:brewing_stand":1,"minecraft:anvil":2,"minecraft:iron_axe":2346,"minecraft:totem_of_undying":1,"minecraft:barrel":3,"minecraft:bamboo":17,"minecraft:smooth_basalt":1,"minecraft:diamond_chestplate":2,"minecraft:basalt":8,"minecraft:iron_trapdoor":8,"minecraft:cobbled_deepslate":1848,"minecraft:cherry_log":1022,"minecraft:observer":2,"minecraft:wheat_seeds":377,"minecraft:water_bucket":789,"minecraft:warped_stem":3,"minecraft:birch_planks":614,"minecraft:waxed_oxidized_cut_copper":3,"minecraft:cherry_planks":6,"minecraft:salmon":3,"minecraft:polished_deepslate_slab":5,"minecraft:mossy_cobblestone":1,"minecraft:rail":99,"minecraft:tnt":684,"minecraft:oak_slab":1,"minecraft:crafting_table":13,"minecraft:white_bed":8,"minecraft:spruce_log":1,"minecraft:oak_log":13,"minecraft:ender_eye":1,"minecraft:diamond_pickaxe":17143,"minecraft:ominous_trial_key":6,"minecraft:diamond_shovel":6761,"minecraft:wind_charge":8,"minecraft:oak_button":8,"minecraft:iron_pickaxe":1643,"minecraft:cobblestone":658,"minecraft:potion":7,"minecraft:purple_bed":3,"minecraft:porkchop":8,"minecraft:cooked_porkchop":37,"minecraft:glass_pane":53,"minecraft:diamond_leggings":1,"minecraft:cherry_sapling":60,"minecraft:iron_shovel":7540,"minecraft:polished_deepslate":18,"minecraft:diamond_hoe":568,"minecraft:oak_sign":9,"minecraft:shield":111,"minecraft:iron_sword":996,"minecraft:mutton":14,"minecraft:carrot":276,"minecraft:waxed_copper_grate":1,"minecraft:tuff":36,"minecraft:glass":248,"minecraft:waxed_oxidized_copper":2,"minecraft:blue_orchid":2,"minecraft:hopper_minecart":3,"minecraft:stone_bricks":354,"minecraft:oak_chest_boat":2,"minecraft:diamond_boots":5,"minecraft:stone_pickaxe":565,"minecraft:oak_planks":49,"minecraft:ender_pearl":20,"minecraft:diamond_axe":229,"minecraft:blue_bed":6,"minecraft:white_wool":1,"minecraft:crossbow":22,"minecraft:stone_brick_wall":34,"minecraft:sponge":30,"minecraft:lingering_potion":1,"minecraft:end_stone":1,"minecraft:shears":9,"minecraft:polished_tuff":10,"minecraft:waxed_chiseled_copper":2,"minecraft:firework_rocket":61,"minecraft:bread":361,"minecraft:string":2,"minecraft:gravel":1,"minecraft:andesite":209,"minecraft:stripped_cherry_log":87,"minecraft:waxed_copper_bulb":1,"minecraft:bone_meal":445,"minecraft:experience_bottle":1,"minecraft:oak_fence":11,"minecraft:purpur_block":1,"minecraft:flint_and_steel":32,"minecraft:stone_shovel":281,"minecraft:redstone":1,"minecraft:wooden_shovel":69,"minecraft:cooked_chicken":9,"minecraft:dirt":9454,"minecraft:white_carpet":1,"minecraft:hopper":12,"minecraft:diamond_helmet":3,"minecraft:granite":3,"minecraft:spruce_fence":65,"minecraft:iron_hoe":416,"minecraft:stone_brick_slab":25,"minecraft:wooden_axe":43,"minecraft:bookshelf":7,"minecraft:cherry_trapdoor":58,"minecraft:red_candle":3,"minecraft:golden_carrot":5,"minecraft:netherite_pickaxe":5217,"minecraft:minecart":4,"minecraft:cooked_beef":13,"minecraft:pumpkin":15,"minecraft:enchanted_golden_apple":1,"minecraft:cooked_mutton":43,"minecraft:baked_potato":24,"minecraft:waxed_copper_block":17,"minecraft:glow_item_frame":2,"minecraft:apple":15,"minecraft:cherry_door":3,"minecraft:chicken":2,"minecraft:stone_axe":118,"minecraft:bucket":801,"minecraft:pumpkin_pie":1,"minecraft:splash_potion":1},"minecraft:dropped":{"minecraft:iron_sword":6,"minecraft:ominous_bottle":1,"minecraft:cooked_beef":64,"minecraft:glass_bottle":9,"minecraft:diamond":25,"minecraft:crafting_table":1,"minecraft:crossbow":10,"minecraft:rail":5,"minecraft:music_disc_creator_music_box":5,"minecraft:emerald":4,"minecraft:dirt":1897,"minecraft:dark_oak_fence":5,"minecraft:bone_meal":18,"minecraft:sand":4,"minecraft:sugar":2,"minecraft:iron_pickaxe":5,"minecraft:white_wool":5,"minecraft:blue_bed":2,"minecraft:bone":80,"minecraft:stone_axe":3,"minecraft:emerald_block":2,"minecraft:golden_chestplate":3,"minecraft:cobbled_deepslate":1194,"minecraft:netherite_sword":1,"minecraft:wheat":34,"minecraft:obsidian":3,"minecraft:rotten_flesh":79,"minecraft:oak_planks":24,"minecraft:enchanted_golden_apple":1,"minecraft:end_stone":272,"minecraft:warped_planks":192,"minecraft:waxed_copper_block":8,"minecraft:wind_charge":28,"minecraft:tipped_arrow":68,"minecraft:red_candle":3,"minecraft:breeze_rod":21,"minecraft:stone_brick_stairs":4,"minecraft:egg":33,"minecraft:enchanted_book":4,"minecraft:golden_boots":2,"minecraft:iron_ingot":6,"minecraft:wheat_seeds":13,"minecraft:tnt":31,"minecraft:waxed_oxidized_cut_copper_stairs":1,"minecraft:netherite_helmet":1,"minecraft:iron_helmet":3,"minecraft:oak_fence":1,"minecraft:feather":6,"minecraft:cobblestone":1804,"minecraft:book":3,"minecraft:granite":107,"minecraft:spruce_door":1,"minecraft:purple_dye":2,"minecraft:coal":15,"minecraft:warped_trapdoor":36,"minecraft:gray_wool":4,"minecraft:sponge":12,"minecraft:wooden_axe":1,"minecraft:cherry_planks":1,"minecraft:diamond_helmet":4,"minecraft:pumpkin":2,"minecraft:white_banner":3,"minecraft:red_dye":1,"minecraft:iron_shovel":4,"minecraft:string":289,"minecraft:lily_pad":15,"minecraft:spruce_sapling":8,"minecraft:stone_sword":5,"minecraft:cobblestone_wall":3,"minecraft:stone_shovel":1,"minecraft:iron_boots":3,"minecraft:name_tag":3,"minecraft:oak_sign":18,"minecraft:pumpkin_seeds":12,"minecraft:diamond_sword":5,"minecraft:potato":2,"minecraft:spruce_planks":9,"minecraft:diamond_pickaxe":10,"minecraft:bamboo":290,"minecraft:spider_eye":79,"minecraft:stone_bricks":5,"minecraft:sandstone":29,"minecraft:bow":17,"minecraft:blue_orchid":1,"minecraft:birch_planks":1,"minecraft:brown_mushroom":2,"minecraft:diamond_axe":4,"minecraft:ender_pearl":9682,"minecraft:nether_star":1,"minecraft:decorated_pot":58,"minecraft:flint":15,"minecraft:music_disc_13":1,"minecraft:cobblestone_stairs":2,"minecraft:waxed_oxidized_chiseled_copper":1,"minecraft:dispenser":1,"minecraft:music_disc_precipice":3,"minecraft:wet_sponge":1,"minecraft:glistering_melon_slice":6,"minecraft:gravel":98,"minecraft:chiseled_tuff_bricks":2,"minecraft:diamond_shovel":8,"minecraft:honey_bottle":5,"minecraft:carrot":6,"minecraft:music_disc_creator":1,"minecraft:poppy":5,"minecraft:leather_chestplate":1,"minecraft:gunpowder":8,"minecraft:stone_brick_wall":18,"minecraft:iron_bars":1,"minecraft:arrow":232,"minecraft:netherrack":1,"minecraft:firework_rocket":117,"minecraft:water_bucket":5,"minecraft:bread":98,"minecraft:cherry_log":3,"minecraft:mossy_cobblestone":1,"minecraft:smithing_table":3,"minecraft:diamond_leggings":4,"minecraft:netherite_axe":1,"minecraft:lead":1,"minecraft:polished_tuff":2,"minecraft:amethyst_block":4,"minecraft:ominous_trial_key":3,"minecraft:stick":70,"minecraft:iron_block":64,"minecraft:blue_dye":2,"minecraft:diorite":199,"minecraft:torch":19,"minecraft:brown_wool":1,"minecraft:iron_door":2,"minecraft:waxed_oxidized_copper":6,"minecraft:iron_leggings":2,"minecraft:iron_axe":5,"minecraft:flow_banner_pattern":3,"minecraft:bucket":11,"minecraft:dandelion":1,"minecraft:polished_deepslate":4,"minecraft:tuff_bricks":27,"minecraft:sweet_berries":10,"minecraft:warped_nylium":1,"minecraft:coarse_dirt":1,"minecraft:raw_copper":1,"minecraft:tuff":26,"minecraft:raw_iron":26,"minecraft:light_gray_wool":1,"minecraft:shulker_box":1,"minecraft:netherite_leggings":1,"minecraft:filled_map":1,"minecraft:shield":5,"minecraft:trial_key":4,"minecraft:diamond_chestplate":5,"minecraft:iron_chestplate":1,"minecraft:andesite":600,"minecraft:purple_bed":3,"minecraft:mossy_stone_bricks":2,"minecraft:oak_sapling":49,"minecraft:golden_leggings":3,"minecraft:oak_boat":2,"minecraft:waxed_oxidized_cut_copper":2,"minecraft:golden_sword":2,"minecraft:diamond_boots":4,"minecraft:stripped_cherry_log":1,"minecraft:slime_ball":28,"minecraft:waxed_chiseled_copper":1,"minecraft:spruce_log":16,"minecraft:stone_pickaxe":3,"minecraft:raw_gold":14,"minecraft:waxed_oxidized_copper_grate":8},"minecraft:killed_by":{"minecraft:zombie_villager":2,"minecraft:vindicator":2,"minecraft:zombie":3,"minecraft:vex":9,"minecraft:ender_dragon":1,"minecraft:evoker":2,"minecraft:wither_skeleton":3,"minecraft:blaze":1,"minecraft:player":6,"minecraft:enderman":3,"minecraft:skeleton":2},"minecraft:killed":{"minecraft:cave_spider":4,"minecraft:shulker":2,"minecraft:skeleton":68,"minecraft:chicken":7,"minecraft:magma_cube":15,"minecraft:iron_golem":3,"minecraft:pillager":18,"minecraft:zombie":1087,"minecraft:cow":14,"minecraft:vindicator":7,"minecraft:wandering_trader":1,"minecraft:ravager":3,"minecraft:breeze":17,"minecraft:enderman":21171,"minecraft:witch":5,"minecraft:spider":86,"minecraft:bee":1,"minecraft:silverfish":40,"minecraft:pig":53,"minecraft:creeper":26,"minecraft:sheep":25,"minecraft:stray":4,"minecraft:blaze":2,"minecraft:vex":4,"minecraft:bogged":17,"minecraft:slime":61,"minecraft:phantom":11,"minecraft:drowned":9,"minecraft:bat":3,"minecraft:squid":1,"minecraft:wither_skeleton":4,"minecraft:villager":3},"minecraft:custom":{"minecraft:interact_with_crafting_table":253,"minecraft:open_barrel":24,"minecraft:bell_ring":4,"minecraft:eat_cake_slice":1,"minecraft:leave_game":27,"minecraft:time_since_death":201954,"minecraft:damage_blocked_by_shield":4130,"minecraft:play_time":2820732,"minecraft:deaths":52,"minecraft:jump":18480,"minecraft:enchant_item":173,"minecraft:interact_with_furnace":207,"minecraft:traded_with_villager":148,"minecraft:interact_with_cartography_table":3,"minecraft:sleep_in_bed":35,"minecraft:damage_dealt":700902,"minecraft:interact_with_smoker":9,"minecraft:inspect_dispenser":10,"minecraft:interact_with_smithing_table":11,"minecraft:interact_with_anvil":70,"minecraft:inspect_hopper":9,"minecraft:sneak_time":76996,"minecraft:interact_with_blast_furnace":5,"minecraft:total_world_time":2820732,"minecraft:time_since_rest":109831,"minecraft:swim_one_cm":634233,"minecraft:fly_one_cm":3474424,"minecraft:open_chest":2546,"minecraft:fall_one_cm":448227,"minecraft:open_shulker_box":1,"minecraft:damage_resisted":826,"minecraft:sprint_one_cm":5765493,"minecraft:drop":1452,"minecraft:talked_to_villager":333,"minecraft:walk_on_water_one_cm":778305,"minecraft:interact_with_beacon":4,"minecraft:player_kills":1,"minecraft:crouch_one_cm":200604,"minecraft:mob_kills":22883,"minecraft:climb_one_cm":37111,"minecraft:walk_one_cm":7919657,"minecraft:raid_win":1,"minecraft:walk_under_water_one_cm":1157218,"minecraft:boat_one_cm":2064599,"minecraft:interact_with_grindstone":84,"minecraft:damage_taken":44011,"minecraft:damage_absorbed":160,"minecraft:minecart_one_cm":969,"minecraft:aviate_one_cm":1540736}},"DataVersion":3955}