{"stats":{"minecraft:killed_by":{"minecraft:zombie_villager":2,"minecraft:vindicator":2,"minecraft:zombie":3,"minecraft:vex":9,"minecraft:evoker":2,"minecraft:blaze":1,"minecraft:player":2,"minecraft:skeleton":2},"minecraft:dropped":{"minecraft:iron_sword":6,"minecraft:cooked_beef":15,"minecraft:glass_bottle":6,"minecraft:diamond":25,"minecraft:crafting_table":1,"minecraft:crossbow":7,"minecraft:rail":1,"minecraft:music_disc_creator_music_box":5,"minecraft:dirt":1361,"minecraft:dark_oak_fence":5,"minecraft:sand":4,"minecraft:sugar":2,"minecraft:iron_pickaxe":5,"minecraft:white_wool":5,"minecraft:blue_bed":2,"minecraft:bone":53,"minecraft:stone_axe":3,"minecraft:emerald_block":2,"minecraft:golden_chestplate":2,"minecraft:cobbled_deepslate":546,"minecraft:obsidian":1,"minecraft:rotten_flesh":63,"minecraft:oak_planks":12,"minecraft:warped_planks":192,"minecraft:waxed_copper_block":6,"minecraft:wind_charge":20,"minecraft:tipped_arrow":34,"minecraft:red_candle":3,"minecraft:breeze_rod":4,"minecraft:stone_brick_stairs":4,"minecraft:golden_boots":2,"minecraft:enchanted_book":3,"minecraft:iron_ingot":4,"minecraft:wheat_seeds":2,"minecraft:cobblestone":1229,"minecraft:iron_helmet":3,"minecraft:oak_fence":1,"minecraft:feather":6,"minecraft:granite":24,"minecraft:spruce_door":1,"minecraft:coal":6,"minecraft:gray_wool":4,"minecraft:wooden_axe":1,"minecraft:cherry_planks":1,"minecraft:diamond_helmet":2,"minecraft:pumpkin":2,"minecraft:white_banner":3,"minecraft:iron_shovel":4,"minecraft:string":183,"minecraft:lily_pad":8,"minecraft:spruce_sapling":8,"minecraft:stone_sword":3,"minecraft:cobblestone_wall":3,"minecraft:stone_shovel":1,"minecraft:iron_boots":3,"minecraft:name_tag":3,"minecraft:oak_sign":18,"minecraft:pumpkin_seeds":12,"minecraft:diamond_sword":2,"minecraft:potato":2,"minecraft:spruce_planks":9,"minecraft:diamond_pickaxe":8,"minecraft:spider_eye":27,"minecraft:stone_bricks":4,"minecraft:bow":15,"minecraft:birch_planks":1,"minecraft:brown_mushroom":2,"minecraft:diamond_axe":1,"minecraft:decorated_pot":51,"minecraft:music_disc_13":1,"minecraft:flint":12,"minecraft:cobblestone_stairs":2,"minecraft:waxed_oxidized_chiseled_copper":1,"minecraft:dispenser":1,"minecraft:music_disc_precipice":3,"minecraft:glistering_melon_slice":6,"minecraft:gravel":83,"minecraft:chiseled_tuff_bricks":2,"minecraft:diamond_shovel":4,"minecraft:honey_bottle":5,"minecraft:poppy":4,"minecraft:leather_chestplate":1,"minecraft:gunpowder":7,"minecraft:stone_brick_wall":18,"minecraft:iron_bars":1,"minecraft:arrow":70,"minecraft:netherrack":1,"minecraft:water_bucket":3,"minecraft:bread":98,"minecraft:cherry_log":3,"minecraft:mossy_cobblestone":1,"minecraft:smithing_table":2,"minecraft:diamond_leggings":2,"minecraft:lead":1,"minecraft:polished_tuff":1,"minecraft:amethyst_block":4,"minecraft:ominous_trial_key":3,"minecraft:stick":27,"minecraft:diorite":164,"minecraft:torch":10,"minecraft:brown_wool":1,"minecraft:waxed_oxidized_copper":4,"minecraft:iron_leggings":2,"minecraft:iron_axe":5,"minecraft:flow_banner_pattern":3,"minecraft:bucket":9,"minecraft:dandelion":1,"minecraft:polished_deepslate":1,"minecraft:tuff_bricks":25,"minecraft:sweet_berries":10,"minecraft:warped_nylium":1,"minecraft:coarse_dirt":1,"minecraft:raw_copper":1,"minecraft:tuff":7,"minecraft:raw_iron":10,"minecraft:light_gray_wool":1,"minecraft:shield":4,"minecraft:trial_key":4,"minecraft:diamond_chestplate":1,"minecraft:iron_chestplate":1,"minecraft:andesite":536,"minecraft:purple_bed":3,"minecraft:golden_leggings":3,"minecraft:oak_boat":1,"minecraft:oak_sapling":46,"minecraft:waxed_oxidized_cut_copper":2,"minecraft:golden_sword":2,"minecraft:stripped_cherry_log":1,"minecraft:slime_ball":28,"minecraft:diamond_boots":2,"minecraft:spruce_log":16,"minecraft:stone_pickaxe":3,"minecraft:raw_gold":4},"minecraft:mined":{"minecraft:white_bed":3,"minecraft:cherry_log":1225,"minecraft:granite":447,"minecraft:stone_brick_wall":34,"minecraft:chiseled_tuff_bricks":6,"minecraft:hopper":4,"minecraft:nether_wart":20,"minecraft:tall_seagrass":68,"minecraft:fire":2,"minecraft:barrel":1,"minecraft:cobbled_deepslate":1,"minecraft:pumpkin":18,"minecraft:deepslate_lapis_ore":5,"minecraft:polished_deepslate_slab":2,"minecraft:dirt_path":28,"minecraft:blue_orchid":5,"minecraft:brown_mushroom":6,"minecraft:powder_snow":17,"minecraft:torch":49,"minecraft:blast_furnace":26,"minecraft:dead_bush":10,"minecraft:sugar_cane":29,"minecraft:amethyst_block":4,"minecraft:waxed_copper_bulb":1,"minecraft:wheat":159,"minecraft:waxed_copper_block":17,"minecraft:stone_brick_stairs":4,"minecraft:deepslate":2209,"minecraft:mossy_cobblestone":8,"minecraft:cherry_sapling":1,"minecraft:waxed_oxidized_chiseled_copper":1,"minecraft:dark_oak_fence":9,"minecraft:spruce_fence":17,"minecraft:waxed_oxidized_cut_copper":4,"minecraft:waxed_copper_grate":1,"minecraft:snow":17,"minecraft:andesite":1404,"minecraft:chiseled_tuff":1,"minecraft:vine":23,"minecraft:rail":6,"minecraft:warped_stem":80,"minecraft:bamboo":1,"minecraft:bone_block":11,"minecraft:smithing_table":10,"minecraft:oak_slab":1,"minecraft:glass_pane":5,"minecraft:cherry_planks":6,"minecraft:soul_sand":64,"minecraft:stone_brick_slab":5,"minecraft:observer":2,"minecraft:dandelion":1,"minecraft:short_grass":693,"minecraft:warped_roots":1,"minecraft:tall_grass":4,"minecraft:copper_ore":66,"minecraft:diorite":1074,"minecraft:warped_wart_block":1,"minecraft:purple_bed":7,"minecraft:coarse_dirt":1,"minecraft:cobblestone_wall":10,"minecraft:spruce_log":61,"minecraft:birch_leaves":8,"minecraft:gravel":434,"minecraft:cobweb":43,"minecraft:oak_button":2,"minecraft:stone_bricks":128,"minecraft:gold_ore":6,"minecraft:fern":3,"minecraft:farmland":81,"minecraft:cobblestone_stairs":5,"minecraft:brewing_stand":1,"minecraft:spruce_trapdoor":2,"minecraft:cherry_trapdoor":8,"minecraft:grass_block":2774,"minecraft:soul_soil":11,"minecraft:composter":1,"minecraft:tuff_bricks":32,"minecraft:iron_ore":66,"minecraft:polished_tuff":14,"minecraft:iron_bars":1,"minecraft:clay":13,"minecraft:chest":5,"minecraft:nether_quartz_ore":89,"minecraft:cobblestone":340,"minecraft:oak_planks":5,"minecraft:waxed_chiseled_copper":1,"minecraft:wall_torch":19,"minecraft:deepslate_copper_ore":6,"minecraft:seagrass":17,"minecraft:red_candle":3,"minecraft:birch_log":161,"minecraft:cherry_door":1,"minecraft:oak_log":327,"minecraft:waxed_oxidized_copper":2,"minecraft:waxed_oxidized_copper_door":1,"minecraft:sand":13,"minecraft:dirt":5999,"minecraft:dispenser":4,"minecraft:netherrack":49,"minecraft:oak_leaves":216,"minecraft:diamond_ore":1,"minecraft:tuff":16,"minecraft:stripped_cherry_log":90,"minecraft:glow_lichen":2,"minecraft:decorated_pot":49,"minecraft:birch_slab":42,"minecraft:spruce_leaves":98,"minecraft:large_fern":6,"minecraft:hay_block":29,"minecraft:oak_trapdoor":3,"minecraft:furnace":2,"minecraft:polished_deepslate":30,"minecraft:bookshelf":7,"minecraft:deepslate_iron_ore":14,"minecraft:stone":8867,"minecraft:basalt":3,"minecraft:spruce_door":6,"minecraft:oak_fence":9,"minecraft:crafting_table":11,"minecraft:lectern":66,"minecraft:lapis_ore":6,"minecraft:lily_pad":80,"minecraft:blue_bed":10,"minecraft:birch_planks":136,"minecraft:sweet_berry_bush":12,"minecraft:bee_nest":1,"minecraft:coal_ore":199,"minecraft:cherry_leaves":270,"minecraft:flower_pot":1},"minecraft:used":{"minecraft:waxed_oxidized_copper_door":1,"minecraft:tuff_bricks":9,"minecraft:chiseled_tuff":1,"minecraft:dispenser":1,"minecraft:ladder":6,"minecraft:chest":9,"minecraft:snowball":3,"minecraft:lava_bucket":5,"minecraft:bow":67,"minecraft:sweet_berries":6,"minecraft:furnace":4,"minecraft:egg":1,"minecraft:potato":2,"minecraft:diorite":2,"minecraft:wooden_pickaxe":59,"minecraft:composter":1,"minecraft:blast_furnace":26,"minecraft:birch_slab":199,"minecraft:stone_button":2,"minecraft:lectern":65,"minecraft:chiseled_tuff_bricks":5,"minecraft:diamond_sword":316,"minecraft:wooden_sword":215,"minecraft:smithing_table":9,"minecraft:birch_log":2,"minecraft:oak_boat":74,"minecraft:oak_trapdoor":3,"minecraft:iron_bars":1,"minecraft:stone_sword":483,"minecraft:netherrack":80,"minecraft:trial_key":10,"minecraft:torch":140,"minecraft:brewing_stand":1,"minecraft:iron_axe":2346,"minecraft:totem_of_undying":1,"minecraft:barrel":3,"minecraft:basalt":8,"minecraft:cobbled_deepslate":2,"minecraft:observer":2,"minecraft:cherry_log":1018,"minecraft:wheat_seeds":161,"minecraft:water_bucket":192,"minecraft:warped_stem":3,"minecraft:birch_planks":614,"minecraft:waxed_oxidized_cut_copper":3,"minecraft:cherry_planks":6,"minecraft:polished_deepslate_slab":5,"minecraft:mossy_cobblestone":1,"minecraft:rail":6,"minecraft:oak_slab":1,"minecraft:crafting_table":13,"minecraft:white_bed":8,"minecraft:spruce_log":1,"minecraft:oak_log":13,"minecraft:diamond_pickaxe":13030,"minecraft:diamond_shovel":2114,"minecraft:ominous_trial_key":3,"minecraft:wind_charge":8,"minecraft:oak_button":8,"minecraft:iron_pickaxe":1643,"minecraft:cobblestone":490,"minecraft:potion":4,"minecraft:purple_bed":2,"minecraft:cooked_porkchop":6,"minecraft:porkchop":8,"minecraft:glass_pane":53,"minecraft:cherry_sapling":60,"minecraft:iron_shovel":7540,"minecraft:polished_deepslate":17,"minecraft:oak_sign":9,"minecraft:shield":111,"minecraft:iron_sword":996,"minecraft:mutton":14,"minecraft:carrot":7,"minecraft:waxed_copper_grate":1,"minecraft:waxed_oxidized_copper":2,"minecraft:hopper_minecart":1,"minecraft:stone_bricks":242,"minecraft:oak_chest_boat":2,"minecraft:stone_pickaxe":565,"minecraft:oak_planks":21,"minecraft:blue_bed":6,"minecraft:diamond_axe":15,"minecraft:white_wool":1,"minecraft:crossbow":22,"minecraft:lingering_potion":1,"minecraft:stone_brick_wall":34,"minecraft:shears":9,"minecraft:polished_tuff":10,"minecraft:waxed_chiseled_copper":2,"minecraft:bread":355,"minecraft:string":2,"minecraft:andesite":204,"minecraft:stripped_cherry_log":87,"minecraft:bone_meal":134,"minecraft:waxed_copper_bulb":1,"minecraft:experience_bottle":1,"minecraft:oak_fence":11,"minecraft:stone_shovel":281,"minecraft:redstone":1,"minecraft:wooden_shovel":69,"minecraft:cooked_chicken":5,"minecraft:dirt":7361,"minecraft:hopper":5,"minecraft:spruce_fence":64,"minecraft:granite":2,"minecraft:iron_hoe":416,"minecraft:stone_brick_slab":4,"minecraft:wooden_axe":43,"minecraft:cherry_trapdoor":58,"minecraft:minecart":1,"minecraft:cooked_beef":7,"minecraft:pumpkin":15,"minecraft:cooked_mutton":36,"minecraft:baked_potato":9,"minecraft:waxed_copper_block":16,"minecraft:apple":15,"minecraft:cherry_door":3,"minecraft:chicken":2,"minecraft:stone_axe":118,"minecraft:bucket":201,"minecraft:splash_potion":1},"minecraft:custom":{"minecraft:interact_with_crafting_table":190,"minecraft:open_barrel":18,"minecraft:bell_ring":4,"minecraft:eat_cake_slice":1,"minecraft:leave_game":16,"minecraft:time_since_death":32846,"minecraft:damage_blocked_by_shield":4130,"minecraft:play_time":1795963,"minecraft:deaths":27,"minecraft:jump":12276,"minecraft:enchant_item":4,"minecraft:interact_with_furnace":149,"minecraft:traded_with_villager":20,"minecraft:interact_with_cartography_table":2,"minecraft:sleep_in_bed":27,"minecraft:damage_dealt":70559,"minecraft:interact_with_smoker":9,"minecraft:inspect_dispenser":10,"minecraft:interact_with_smithing_table":5,"minecraft:interact_with_anvil":15,"minecraft:inspect_hopper":3,"minecraft:sneak_time":59745,"minecraft:interact_with_blast_furnace":5,"minecraft:total_world_time":1795963,"minecraft:time_since_rest":32869,"minecraft:swim_one_cm":207546,"minecraft:fly_one_cm":2283437,"minecraft:open_chest":1423,"minecraft:fall_one_cm":242379,"minecraft:sprint_one_cm":4025402,"minecraft:drop":516,"minecraft:talked_to_villager":208,"minecraft:walk_on_water_one_cm":516418,"minecraft:player_kills":1,"minecraft:crouch_one_cm":164348,"minecraft:mob_kills":843,"minecraft:climb_one_cm":26554,"minecraft:walk_one_cm":5520299,"minecraft:raid_win":1,"minecraft:walk_under_water_one_cm":419107,"minecraft:boat_one_cm":1672672,"minecraft:interact_with_grindstone":9,"minecraft:damage_taken":26473},"minecraft:broken":{"minecraft:wooden_shovel":1,"minecraft:iron_boots":2,"minecraft:iron_leggings":1,"minecraft:wooden_sword":3,"minecraft:iron_sword":4,"minecraft:leather_helmet":2,"minecraft:stone_sword":3,"minecraft:wooden_pickaxe":1,"minecraft:iron_axe":9,"minecraft:iron_pickaxe":7,"minecraft:golden_helmet":1,"minecraft:iron_shovel":30,"minecraft:stone_pickaxe":4,"minecraft:stone_shovel":2},"minecraft:crafted":{"minecraft:oak_sign":27,"minecraft:birch_slab":186,"minecraft:diamond_shovel":1,"minecraft:cooked_mutton":54,"minecraft:glass":363,"minecraft:quartz_block":21,"minecraft:diamond_helmet":1,"minecraft:diamond_leggings":1,"minecraft:wooden_shovel":1,"minecraft:emerald":9,"minecraft:cooked_porkchop":16,"minecraft:smithing_table":1,"minecraft:iron_pickaxe":13,"minecraft:iron_block":424,"minecraft:composter":1,"minecraft:stone_shovel":3,"minecraft:bone_meal":234,"minecraft:spruce_fence":48,"minecraft:warped_trapdoor":34,"minecraft:cherry_trapdoor":54,"minecraft:ladder":9,"minecraft:cherry_stairs":40,"minecraft:stone_pickaxe":5,"minecraft:diamond_boots":1,"minecraft:wheat":270,"minecraft:leather_helmet":1,"minecraft:oak_chest_boat":2,"minecraft:golden_apple":1,"minecraft:wooden_axe":1,"minecraft:iron_shovel":34,"minecraft:iron_leggings":1,"minecraft:white_bed":5,"minecraft:oak_planks":1466,"minecraft:barrel":3,"minecraft:cooked_chicken":5,"minecraft:spruce_pressure_plate":1,"minecraft:warped_planks":300,"minecraft:hopper":8,"minecraft:bow":1,"minecraft:iron_boots":2,"minecraft:chest":15,"minecraft:oak_button":6,"minecraft:rail":16,"minecraft:oak_fence":6,"minecraft:oak_slab":18,"minecraft:arrow":128,"minecraft:crafting_table":6,"minecraft:spruce_planks":68,"minecraft:wooden_pickaxe":1,"minecraft:iron_helmet":2,"minecraft:hopper_minecart":1,"minecraft:birch_planks":634,"minecraft:dispenser":2,"minecraft:diamond_pickaxe":1,"minecraft:warped_fence_gate":14,"minecraft:stick":196,"minecraft:iron_ingot":1092,"minecraft:stone_sword":4,"minecraft:redstone_torch":1,"minecraft:cherry_planks":576,"minecraft:wooden_sword":5,"minecraft:redstone":9,"minecraft:stone_brick_wall":78,"minecraft:stone_button":1,"minecraft:furnace":2,"minecraft:cherry_sapling":3,"minecraft:oak_trapdoor":2,"minecraft:glass_pane":336,"minecraft:iron_axe":8,"minecraft:iron_hoe":2,"minecraft:minecart":3,"minecraft:observer":2,"minecraft:bone_block":11,"minecraft:diamond_sword":1,"minecraft:powered_rail":6,"minecraft:iron_sword":3,"minecraft:bucket":7,"minecraft:stone_axe":3,"minecraft:air":0,"minecraft:bread":124,"minecraft:oak_boat":9,"minecraft:cherry_door":3,"minecraft:torch":120,"minecraft:lapis_block":14},"minecraft:picked_up":{"minecraft:iron_chestplate":1,"minecraft:diamond_sword":6,"minecraft:smithing_table":11,"minecraft:lead":1,"minecraft:enchanted_book":4,"minecraft:brewing_stand":1,"minecraft:golden_sword":1,"minecraft:amethyst_block":4,"minecraft:polished_deepslate":32,"minecraft:string":261,"minecraft:soul_soil":24,"minecraft:diamond_leggings":4,"minecraft:cobbled_deepslate":2029,"minecraft:spruce_planks":13,"minecraft:trial_key":18,"minecraft:hopper_minecart":1,"minecraft:golden_helmet":2,"minecraft:spruce_pressure_plate":1,"minecraft:composter":1,"minecraft:cherry_log":1275,"minecraft:waxed_copper_grate":1,"minecraft:warped_planks":64,"minecraft:golden_chestplate":2,"minecraft:stone_sword":8,"minecraft:honey_bottle":5,"minecraft:iron_bars":2,"minecraft:snowball":16,"minecraft:birch_log":163,"minecraft:cooked_beef":99,"minecraft:feather":13,"minecraft:birch_slab":67,"minecraft:water_bucket":13,"minecraft:brown_wool":1,"minecraft:flint":14,"minecraft:cherry_door":2,"minecraft:guster_banner_pattern":2,"minecraft:diamond_helmet":4,"minecraft:honeycomb":14,"minecraft:warped_wart_block":1,"minecraft:dispenser":4,"minecraft:granite":100,"minecraft:golden_horse_armor":2,"minecraft:chainmail_helmet":1,"minecraft:bread":1719,"minecraft:music_disc_precipice":3,"minecraft:dark_oak_fence":5,"minecraft:ominous_trial_key":6,"minecraft:diamond_pickaxe":12,"minecraft:crafting_table":10,"minecraft:coarse_dirt":1,"minecraft:ominous_bottle":1,"minecraft:nether_wart":60,"minecraft:clay_ball":52,"minecraft:music_disc_creator":3,"minecraft:stripped_cherry_log":93,"minecraft:wind_charge":54,"minecraft:flow_banner_pattern":4,"minecraft:flint_and_steel":1,"minecraft:iron_shovel":34,"minecraft:glass_pane":145,"minecraft:beef":26,"minecraft:chiseled_tuff":1,"minecraft:iron_nugget":27,"minecraft:poppy":10,"minecraft:minecart":2,"minecraft:chest":5,"minecraft:waxed_oxidized_copper":8,"minecraft:egg":6,"minecraft:polished_deepslate_slab":5,"minecraft:spruce_fence":16,"minecraft:carrot":9,"minecraft:redstone":113,"minecraft:music_disc_creator_music_box":5,"minecraft:waxed_oxidized_chiseled_copper":1,"minecraft:stone_shovel":2,"minecraft:diamond_chestplate":29,"minecraft:decorated_pot":53,"minecraft:diamond_boots":4,"minecraft:hay_block":31,"minecraft:oak_chest_boat":2,"minecraft:totem_of_undying":9,"minecraft:tuff_bricks":44,"minecraft:mutton":40,"minecraft:bone_block":33,"minecraft:white_wool":23,"minecraft:rail":6,"minecraft:oak_log":344,"minecraft:lily_pad":65,"minecraft:golden_boots":2,"minecraft:blue_bed":14,"minecraft:paper":9,"minecraft:white_banner":18,"minecraft:stone_bricks":145,"minecraft:apple":46,"minecraft:warped_stem":78,"minecraft:stone_pickaxe":9,"minecraft:glass_bottle":3,"minecraft:iron_sword":38,"minecraft:sweet_berries":19,"minecraft:gravel":99,"minecraft:spruce_sapling":19,"minecraft:spruce_log":76,"minecraft:polished_tuff":14,"minecraft:leather_helmet":2,"minecraft:diamond_shovel":9,"minecraft:purple_bed":8,"minecraft:slime_ball":57,"minecraft:stone_axe":1,"minecraft:diamond_axe":7,"minecraft:gray_wool":5,"minecraft:warped_roots":1,"minecraft:oak_button":2,"minecraft:baked_potato":3,"minecraft:warped_nylium":1,"minecraft:hopper":4,"minecraft:ender_pearl":8,"minecraft:wheat":160,"minecraft:potion":4,"minecraft:stone_brick_stairs":4,"minecraft:raw_copper":241,"minecraft:iron_leggings":16,"minecraft:red_candle":3,"minecraft:bucket":11,"minecraft:waxed_oxidized_copper_door":1,"minecraft:redstone_torch":1,"minecraft:iron_pickaxe":90,"minecraft:furnace":2,"minecraft:iron_boots":18,"minecraft:tipped_arrow":121,"minecraft:stick":756,"minecraft:oak_fence":11,"minecraft:torch":390,"minecraft:porkchop":123,"minecraft:diorite":1048,"minecraft:quartz_block":16,"minecraft:rotten_flesh":175,"minecraft:obsidian":1,"minecraft:cobblestone":4162,"minecraft:leather_chestplate":1,"minecraft:cherry_planks":105,"minecraft:andesite":1252,"minecraft:golden_leggings":2,"minecraft:potato":6,"minecraft:tuff":21,"minecraft:lapis_lazuli":182,"minecraft:dirt":8779,"minecraft:name_tag":2,"minecraft:leather_boots":1,"minecraft:glass":1,"minecraft:bone":182,"minecraft:bow":23,"minecraft:wheat_seeds":398,"minecraft:raw_gold":6,"minecraft:bamboo":9,"minecraft:powered_rail":6,"minecraft:oak_planks":35,"minecraft:cooked_porkchop":113,"minecraft:waxed_chiseled_copper":2,"minecraft:sand":9,"minecraft:mossy_cobblestone":9,"minecraft:sugar":4,"minecraft:diamond":32,"minecraft:spruce_boat":1,"minecraft:crossbow":26,"minecraft:breeze_rod":40,"minecraft:golden_apple":1,"minecraft:emerald":199,"minecraft:oak_sapling":63,"minecraft:netherrack":1167,"minecraft:lingering_potion":1,"minecraft:waxed_oxidized_cut_copper":11,"minecraft:splash_potion":1,"minecraft:chicken":12,"minecraft:ladder":3,"minecraft:brown_mushroom":11,"minecraft:stone_brick_wall":34,"minecraft:shield":11,"minecraft:oak_trapdoor":3,"minecraft:iron_axe":51,"minecraft:large_fern":1,"minecraft:blue_orchid":5,"minecraft:oak_boat":75,"minecraft:light_gray_wool":2,"minecraft:lectern":65,"minecraft:sugar_cane":70,"minecraft:cherry_trapdoor":12,"minecraft:spruce_trapdoor":1,"minecraft:phantom_membrane":8,"minecraft:raw_iron":170,"minecraft:stone_button":3,"minecraft:iron_horse_armor":4,"minecraft:arrow":1001,"minecraft:basalt":29,"minecraft:leather":13,"minecraft:birch_planks":174,"minecraft:waxed_copper_bulb":1,"minecraft:waxed_copper_block":25,"minecraft:gunpowder":13,"minecraft:cobblestone_wall":7,"minecraft:cobblestone_stairs":5,"minecraft:cooked_mutton":33,"minecraft:iron_ingot":63,"minecraft:cooked_chicken":1,"minecraft:soul_sand":189,"minecraft:book":21,"minecraft:emerald_block":3,"minecraft:pumpkin":20,"minecraft:stone_brick_slab":4,"minecraft:quartz":87,"minecraft:dandelion":2,"minecraft:lava_bucket":2,"minecraft:blast_furnace":26,"minecraft:white_bed":3,"minecraft:spruce_door":6,"minecraft:spider_eye":56,"minecraft:pumpkin_seeds":24,"minecraft:chainmail_leggings":1,"minecraft:iron_helmet":11,"minecraft:cherry_sapling":384,"minecraft:coal":199,"minecraft:chiseled_tuff_bricks":12},"minecraft:killed":{"minecraft:cave_spider":4,"minecraft:skeleton":59,"minecraft:chicken":6,"minecraft:magma_cube":15,"minecraft:iron_golem":2,"minecraft:pillager":10,"minecraft:zombie":447,"minecraft:cow":14,"minecraft:vindicator":7,"minecraft:wandering_trader":1,"minecraft:ravager":3,"minecraft:breeze":9,"minecraft:enderman":2,"minecraft:witch":5,"minecraft:spider":62,"minecraft:bee":1,"minecraft:silverfish":26,"minecraft:pig":53,"minecraft:creeper":11,"minecraft:sheep":25,"minecraft:stray":4,"minecraft:blaze":2,"minecraft:vex":4,"minecraft:bogged":5,"minecraft:slime":42,"minecraft:phantom":8,"minecraft:drowned":1,"minecraft:villager":2}},"DataVersion":3955}